"year","province","MR","DR","POP","GDP","INC","CON","CPI","HEET","HP","UR","GR","SAV","MN","DN","GDPC","SAVPG"
2015,"广东省",0.0154926721356807,0.00356530555811596,10849,72812.55,27858.86,20975.7,101.5,2434,9495,2.5,13.51,57746.0666666683,84.04,19.34,6.7114526684487,0.79307848257846
2016,"安徽省",0.0230277598450613,0.00701097482246611,6196,24407.62,19998.1,14711.53,101.8,2259,5637,3.2,5.52,17751.9400000004,71.34,21.72,3.9392543576501,0.727311388820393
2016,"江西省",0.0131533101045296,0.00444686411149826,4592,18499,20109.56,13258.62,102,2698,5331,3.4,8.45,13115.7695238097,30.2,10.21,4.02852787456446,0.708998839062093
2010,"安徽省",0.021890213194561,0.00369313412791674,5957,12359.33,9776.17161904555,6470.81257142685,103.1,1841,3899,3.7,5.16676691729327,7788.5,65.2,11,2.07475742823569,0.630171700245887
2014,"浙江省",0.0158605664488017,0.00493100944081336,5508,40173.03,32657.57,22551.97,102.1,2408,10586,3,9.98,30666.4,43.68,13.58,7.29357843137255,0.763357904544417
2014,"江苏省",0.0209673366834171,0.00548492462311558,7960,65088.32,27172.77,19163.56,102.2,2858,6783,3,1.66,36580.6,83.45,21.83,8.17692462311558,0.56201481310318
2011,"吉林省",0.0173299381593307,0.00737722808293925,2749,10568.83,13368.5149523793,9965.17419047514,105.2,2807,4161.17,3.7,4.48,5835.3,23.82,10.14,3.84460894870862,0.552123555776751
2018,"四川省",0.0175968775393305,0.00784837949086849,8341,40678.13,22460.55,17663.55,101.7,2508.80555555556,6104.02583333332,4.05833333333334,0.366867167919963,36471.9619047642,73.3877777777778,32.731666666667,4.87688886224673,0.896598784279518
2015,"吉林省",0.017035960770069,0.00925535779150018,2753,14063.13,18683.65,13763.91,101.7,3169,5213,3.5,2.02,9316.88000000035,23.45,12.74,5.10829277152198,0.662504008709324
2009,"辽宁省",0.0175858097212624,0.00605851186362589,4341,15212.49,13983.1525714262,9392.94857142679,100,2659,3872,3.9,1.36,12030.9,38.17,13.15,3.50437456807187,0.790856723652735
2018,"湖南省",0.0136952215296901,0.00617150633747248,6899,36425.78,25240.75,18807.94,102,2362.91666666666,4925.12027777772,4.08611111111111,2.78137844611547,23258.0771428579,47.2416666666659,21.2886111111113,5.27986374836933,0.638505946690996
2017,"西藏自治区",0.0202373887240356,0.00237388724035608,337,1310.92,15457.3,10320.12,101.6,1678,5604,2.7,0.849999999999994,761.430476190493,3.41,0.4,3.8899703264095,0.580836722447207
2010,"广东省",0.0164160521022891,0.00243271717268461,10441,46013.06,15778.2436190452,12169.0843809503,103.1,2037,7004,2.5,8.9625563909774,36318.7,85.7,12.7,4.40695910353414,0.789312860305313
2014,"贵州省",0.0249258836944128,0.00545610034207526,3508,9266.39,12371.06,9303.35,102.4,1690,3694,3.3,4.68000000000001,6620.6,43.72,9.57,2.64150228050171,0.714474568845041
2018,"浙江省",0.0125206747622644,0.0056039742025449,5737,56197.15,45839.84,29470.68,102.3,2405.16666666667,13075.1219444444,2.7027777777778,12.8353884711773,41744.0266666682,35.9155555555553,16.075,9.79556388356284,0.742813944598049
2013,"内蒙古自治区",0.017742193755004,0.00646116893514812,2498,16916.5,18692.89,14877.66,103.2,2137,3863,3.7,7.91,7455.2,22.16,8.07,6.77201761409127,0.440705819761771
2010,"陕西省",0.0185809906291834,0.00342704149933066,3735,10123.48,9370.06371428398,8296.30247618933,104,3208,3668,3.9,5.76917293233055,7957.8,34.7,6.4,2.71043641231593,0.78607356363622
2014,"广西壮族自治区",0.0198695835086243,0.00424484644509886,4754,15672.89,15557.08,10274.31,102.1,2052,4442,3.2,8.36,10023,47.23,10.09,3.29677955405974,0.639511921540954
2018,"云南省",0.0192926155969634,0.0055743041177824,4830,17881.12,20084.19,14249.93,101.6,2074.52777777778,5829.89416666667,3.39999999999995,4.60511278195486,13927.8780952385,46.5916666666667,13.4619444444445,3.70209523809524,0.778915308170767
2010,"海南省",0.0260069044879171,0.00207134637514384,869,2064.5,10389.028190474,7603.8820952368,104.8,2036,8800,3,12.6784210526314,1667.1,11.3,0.9,2.37571921749137,0.807507871155243
2011,"北京市",0.0171570084200099,0.00430906389301634,2019,16251.93,31703.4531428516,24957.4068571404,105.6,5613,15517.9,1.4,4.09,19126.1,17.32,4.35,8.04949479940565,1.1768509955433
2018,"吉林省",0.0162592455621302,0.0106083579881657,2704,15074.62,22798.37,17200.41,102.1,3232.36111111111,5965.32666666666,3.34444444444445,2.35110275689226,11763.6200000006,21.9825000000001,14.3425,5.57493343195266,0.780359305906257
2009,"河南省",0.0181047749552019,0.00262253610203436,9487,19480.46,7989.86180952145,5927.60580952233,99.4,1774,2501,3.5,2.53,11207.4,85.88,12.44,2.05338463160114,0.575314956628334
2014,"广东省",0.0166262588586348,0.00331779186870571,10724,67809.85,25684.96,19205.5,102.3,2356,8526,2.4,18.62,52410.6,89.15,17.79,6.32318631107796,0.772905411234503
2012,"西藏自治区",0.00902597402597403,0.000844155844155844,308,701.03,7855.1586666652,5223.12733333209,103.5,1508,2982.19,2.6,-1.28,403.9,1.39,0.13,2.27607142857143,0.576152233142662
2013,"广西壮族自治区",0.02,0.00394998940453486,4719,14449.9,14082.3,9596.5,102.2,1939,4219,3.3,9.44,9118.9,47.19,9.32,3.06206823479551,0.631070111211842
2016,"陕西省",0.0174350904799371,0.00531864673485445,3813,19399.59,18873.74,13943.04,101.3,3540,5264,3.3,1.93000000000001,16212.0066666668,33.24,10.14,5.08774980330448,0.835688108185113
2011,"河南省",0.0226480613549212,0.00293992330634853,9388,26931.03,11049.4063809505,7921.59838095121,105.6,1901,3123.15,3.4,7.81999999999999,14648.4,106.31,13.8,2.8686653174265,0.543922753789959
2009,"吉林省",0.0174525547445255,0.00654014598540146,2740,7278.75,10692.6075238078,7990.50790476077,100.1,2695,2788,4,4.89,4614.4,23.91,8.96,2.65647810218978,0.633955006010647
2017,"云南省",0.0167798375338471,0.00529473026452822,4801,16376.34,18348.34,12658.12,100.9,1999,5664,3.2,7.41,12899.4609523811,40.28,12.71,3.41102686940221,0.787688882398701
2011,"广东省",0.0164416944312232,0.00269205140409329,10505,53210.28,18245.034476188,13954.2275238074,105.3,1978,7560.85,2.5,15.23,40405.1,86.36,14.14,5.06523369823893,0.7593476298189
2017,"湖北省",0.0159979667909183,0.00675364283293799,5902,35478.09,23757.17,16937.59,101.5,3000,7307,2.6,6.34,22734.5419047624,47.21,19.93,6.01119789901728,0.640805125212839
2012,"辽宁省",0.0169924812030075,0.00643426748689907,4389,24846.43,19205.555999998,13514.0699999984,102.8,2811,4717.21,3.6,0.530000000000001,17785.9,37.29,14.12,5.66106858054227,0.715833220305694
2012,"山西省",0.0200941567432844,0.00292439767377458,3611,12112.83,13775.8853333318,9029.97866666573,102.5,2351,3690.88,3.3,4.45999999999999,11997,36.28,5.28,3.35442536693437,0.990437412231493
2017,"北京市",0.0139567019806541,0.0074251497005988,2171,28014.94,57229.83,37425.34,101.9,5300,34117,1.4,2.65000000000001,28962.2,15.15,8.06,12.9041639797328,1.03381267280958
2014,"青海省",0.01852487135506,0.00428816466552316,583,2303.32,14373.98,12604.8,102.8,1220,4294,3.2,1.09,1640.7,5.4,1.25,3.95080617495712,0.712319608217703
2018,"湖北省",0.0177298931515595,0.00692796649953973,5917,39366.55,25814.54,19537.79,101.9,3085.75,7333.77055555559,2.09722222222229,5.10095238095238,24582.4161904771,52.4538888888887,20.4963888888883,6.65312658441778,0.624449340632519
2013,"海南省",0.0203798882681564,0.00294972067039106,895,3177.56,15733.28,11192.88,102.8,2253,8633,2.2,11.71,2465.4,9.12,1.32,3.55034636871508,0.77587834690769
2018,"广东省",0.0139230174119122,0.00413831599976493,11346,97277.77,35809.9,26053.98,102.2,2578.33333333334,11665.7274999998,2.44722222222222,17.0068671679196,70675.4238095265,78.9852777777778,23.4766666666665,8.57375022034197,0.726532113241561
2015,"北京市",0.0152924919391985,0.00757254721326578,2171,23014.59,48457.99,33802.77,101.8,5218,22300,1.4,9.45,23914,16.6,8.22,10.6009166282819,1.03907999230054
2017,"安徽省",0.0215443645083933,0.0077410071942446,6255,27018,21863.3,15751.74,101.2,2250,6137,2.9,4.92,19387.7600000007,67.38,24.21,4.31942446043165,0.717586793989219
2011,"广西壮族自治区",0.0212400430570506,0.00334122712594187,4645,11720.87,11081.347619046,7226.11923809443,105.9,1688,3553.96,3.5,9.97,6654,49.33,7.76,2.52333046286329,0.567705298326831
2018,"山东省",0.0122496488725213,0.00574881390796588,10047,76469.67,29204.61,18779.77,102.5,2647.47222222223,6388.8075,3.39166666666666,3.63937343358396,46078.0752380975,61.5361111111106,28.8791666666666,7.611194386384,0.602566680856573
2010,"辽宁省",0.01472,0.00585142857142857,4375,18457.27,15723.9537142836,10766.6557142842,103,2671,4303,3.6,1.48263157894735,13690.3,32.2,12.8,4.21880457142857,0.741729410687496
2009,"海南省",0.0300925925925926,0.00252314814814815,864,1654.21,8642.35361904511,6427.4658095222,99.3,2001,6291,3.5,14.17,1282.9,13,1.09,1.91459490740741,0.775536358745262
2009,"江西省",0.0184160649819495,0.00277527075812274,4432,7655.18,7814.76399999671,5476.66876190342,99.3,2118,2517,3.4,4.77,5092.7,40.81,6.15,1.72725180505415,0.66526195334401
2018,"甘肃省",0.0179421059284541,0.00435006109636367,2637,8246.07,17488.39,14623.95,102,2343.86111111111,5599.97222222213,1.98611111111109,4.30030075187972,9553.0400000005,23.6566666666668,5.73555555555549,3.12706484641638,1.15849610784295
2013,"贵州省",0.0245459737292975,0.00489434608794974,3502,8086.86,11083.06,8288,102.5,1535,3735,3.3,7.05,5919.1,42.98,8.57,2.30921187892633,0.731940456493621
2016,"广东省",0.0142940267297027,0.00385307755250477,10999,80854.91,30295.8,23448.42,102.3,2431,10936,2.5,13.02,62055.8523809537,78.61,21.19,7.35111464678607,0.767496400415927
2014,"内蒙古自治区",0.0173093812375249,0.00705788423153693,2505,17770.19,20559.34,16258.12,101.6,2156,3833,3.6,3.90000000000001,8013.7,21.68,8.84,7.09388822355289,0.45096310168884
2012,"陕西省",0.0199094058086864,0.00378363975486278,3753,14453.68,12607.6459999988,10219.4973333324,102.8,3525,4803.05,3.2,7.08,10770,37.36,7.1,3.85123367972289,0.745138954231725
2010,"内蒙古自治区",0.0164239482200647,0.00461165048543689,2472,11672,12821.1987619027,12330.531047618,103.2,1884,2983,3.9,4.12308270676687,4618.1,20.3,5.7,4.72168284789644,0.39565627141878
2015,"广西壮族自治区",0.0175688073394495,0.00435362802335279,4796,16803.12,16873.42,11401,101.5,2178,4587,2.9,5.56999999999999,11165.5800000001,42.13,10.44,3.50356964136781,0.664494451030527
2015,"贵州省",0.0279093484419263,0.00614164305949009,3530,10502.56,13696.61,10413.75,101.8,1819,3629,3.3,7.12,7395.20666666701,49.26,10.84,2.97522946175637,0.704133722317893
2009,"内蒙古自治区",0.0153295362082994,0.00423108218063466,2458,9740.25,10901.5124761881,11390.7079047607,99.7,1794,2649,4,5.01000000000001,3914,18.84,5.2,3.96267290480065,0.401837735171069
2011,"浙江省",0.0161413142961743,0.0042174629324547,5463,32318.85,23064.1536190445,17269.0412380933,105.4,2218,9801.15,3.1,-4.23,23470.3,44.09,11.52,5.91595277320154,0.726210864557371
2015,"西藏自治区",0.00950617283950617,0.00148148148148148,324,1026.39,12254.3,8245.76,102,1766,3605,2.5,2.33,622.213333333319,1.54,0.24,3.16787037037037,0.606215311268931
2016,"河南省",0.0203315148971884,0.00582249265631557,9532,40471.79,18443.08,12712.34,101.9,2352,4774,3,3.89,26879.5657142866,96.9,27.75,4.24588648762065,0.664155593668742
2012,"上海市",0.0121176470588235,0.00443697478991597,2380,20181.72,37225.4713333286,27713.6299999971,102.8,3481,13869.88,3.1,8.78,19506.7,14.42,5.28,8.47971428571429,0.966552900347443
2018,"宁夏回族自治区",0.0178609496124031,0.00638485142118872,688,3705.18,22400.42,16715.09,102.3,2432.02777777778,4434.0236111111,3.76944444444445,1.93684210526317,2988.02952380967,6.14416666666666,2.19638888888892,5.38543604651163,0.806446521845004
2010,"甘肃省",0.01109375,0.0021875,2560,4120.75,7002.40561904572,5429.66676190309,104.1,1882,2938,3.2,6.27383458646602,3598.2,14.2,2.8,1.60966796875,0.873190559970879
2013,"福建省",0.0209803921568627,0.00437731849496555,3774,21868.49,21217.95,16176.63,102.5,2435,8618,3.6,7.89,11847.3,39.59,8.26,5.7945124536301,0.541752082562628
2014,"北京市",0.0157992565055762,0.00609665427509294,2152,21330.83,44488.57,31102.89,101.6,5429,18499,1.3,2.23999999999999,24158.4,17,6.56,9.91209572490706,1.13255789859091
2016,"北京市",0.0152968246663599,0.00973768982972849,2173,25669.13,52530.38,35415.75,101.4,5028,28489,1.4,5.84999999999999,28012,16.62,10.58,11.8127611596871,1.09127188961994
2012,"广东省",0.0164376061921843,0.00293373607702473,10594,57067.92,20711.8253333317,15739.370666665,102.8,2082,7667.89,2.5,11.94,45533.8,87.07,15.54,5.38681517840287,0.797887850126656
2015,"重庆市",0.0193967517401392,0.00910175671196553,3017,15717.27,20110.11,15139.54,101.3,3071,5012,3.6,0.599999999999994,12207.3,29.26,13.73,5.20956910838581,0.776680683095728
2012,"云南省",0.0180081562567074,0.00352436145095514,4659,10309.47,10845.114666665,7769.95933333249,102.7,1566,3861.01,4,5.88,7744.7,41.95,8.21,2.21280746941404,0.751221934784232
2016,"云南省",0.0187004820792287,0.0050010479983232,4771,14788.42,16719.9,11768.76,101.5,1889,4812,3.6,2.16,11871.0438095238,44.61,11.93,3.0996478725634,0.802725633267368
2012,"湖北省",0.0213151064197958,0.00469285343485032,5779,22250.45,14533.9366666647,9979.7593333316,102.9,3078,4668,3.8,3.83,13419.7,61.59,13.56,3.85022495241391,0.603120386329265
2009,"新疆维吾尔自治区",0.0245947197776748,0.00818897637795276,2159,4277.05,7308.84657142637,7133.31371428445,100.7,1430,2466,3.8,2.61,3050.8,26.55,8.84,1.98103288559518,0.71329537882419
2015,"浙江省",0.0141722332551002,0.00504062105073118,5539,42886.49,35537.09,24116.88,101.4,2414,10755,2.9,7.37,33855.4066666672,39.25,13.96,7.74264127098754,0.789418921125679
2016,"天津市",0.0125736235595391,0.008348271446863,1562,17885.39,34074.46,26129.35,102.1,4058,12870,3.5,14.39,9125.4,9.82,6.52,11.4503137003841,0.510215320996635
2016,"新疆维吾尔自治区",0.0178565471226022,0.00780650542118432,2398,9649.7,18354.65,14066.46,101.4,1780,4204,2.5,4.48,7721.22285714303,21.41,9.36,4.02406171809842,0.800151596126619
2015,"安徽省",0.0240592447916667,0.0058984375,6144,22005.63,18362.57,12840.11,101.3,2309,5067,3.1,4.90000000000001,16116.1200000001,73.91,18.12,3.5816455078125,0.732363490615816
2010,"四川省",0.017775015537601,0.00549409571162213,8045,17185.48,9182.03409523563,7110.37990476051,103.2,1790,3985,4.1,4.0825563909774,13650.8,71.5,22.1,2.13616904909882,0.79432171810156
2013,"广东省",0.0164355505449079,0.00332581736189402,10644,62474.79,23420.75,17421,102.5,2199,8466,2.4,10.84,49891.3,87.47,17.7,5.86948421645998,0.798582916405161
2012,"江苏省",0.0224141414141414,0.00457575757575758,7920,54058.22,21844.2106666649,16385.3393333317,102.6,2786,6422.85,3.1,-1.09999999999999,30057.2,88.76,18.12,6.82553282828283,0.556015347897138
2018,"西藏自治区",0.017561369509044,0.00214147286821709,344,1477.63,17286.06,11520.23,101.7,1847.55555555556,5703.14138888894,2.09166666666664,2.86037593984952,831.039047619066,3.02055555555557,0.368333333333339,4.29543604651163,0.562413491617703
2015,"甘肃省",0.0169461538461538,0.00355384615384615,2600,6790.32,13466.59,10950.76,101.6,2194,4613,2.1,6.18000000000001,7333.16000000015,22.03,4.62,2.61166153846154,1.0799432132801
2009,"宁夏回族自治区",0.018112,0.004064,625,1353.31,8118.38180952193,7257.94495237991,100.7,1721,2824,4.4,4.23999999999999,967.7,5.66,1.27,2.165296,0.715061589731843
2013,"江苏省",0.0227686106562539,0.00545660662551959,7939,59753.37,24775.54,17925.75,102.3,2814,6650,3,-0.0600000000000023,33823.9,90.38,21.66,7.52656127975816,0.566058449925084
2011,"福建省",0.0205806451612903,0.00359139784946237,3720,17560.18,16489.401714283,13570.3006666652,105.3,2200,7451.95,3.7,-2.63,9068.6,38.28,6.68,4.72047849462366,0.51642978602725
2018,"青海省",0.0221531232725263,0.00561820526994658,603,2865.23,20757.26,16557.19,102.5,1390.97222222222,5459.06083333329,2.88611111111112,7.37528822055128,2434.27238095255,6.67916666666667,1.69388888888889,4.75162520729685,0.849590567232839
2017,"天津市",0.0122157996146435,0.00756583172768144,1557,18549.19,37022.33,27841.38,102.1,4072,15139,3.5,11.1,9558,9.51,5.89,11.9134168272319,0.51527856472439
2010,"云南省",0.017470664928292,0.0029986962190352,4602,7224.18,7830.4106666646,5697.97704761801,103.7,1391,2893,4.2,6.47518796992478,5720,40.2,6.9,1.56979139504563,0.791785365259448
2014,"四川省",0.019022113022113,0.00675675675675676,8140,28536.66,15749.01,12368.4,101.6,2244,5092,4.2,-1.77,25312.5,77.42,27.5,3.50573218673219,0.887016910878848
2017,"内蒙古自治区",0.0147884539343614,0.00797943851324634,2529,16096.21,26212.23,18945.54,101.7,1969,4239,3.6,0.790000000000006,10746.7342857146,18.7,10.09,6.36465401344405,0.667656192713351
2018,"贵州省",0.0268327160493828,0.00767669753086415,3600,14806.45,18430.18,13798.06,101.8,2257.88888888888,4215.2761111111,3.04999999999998,6.10804511278189,9848.04095238145,48.298888888889,13.8180555555555,4.11290277777778,0.665118306709673
2018,"河北省",0.0136905917298982,0.00640116757837773,7556,36010.27,23445.65,16722,102.4,2321.86111111111,7135.79055555561,3.575,3.37453634085216,35538.7276190501,51.7230555555552,24.1836111111111,4.76578480677607,0.986905336145774
2010,"天津市",0.0133949191685912,0.0046189376443418,1299,9224.46,18219.5220952341,14779.8699047593,103.5,4412,7940,3.6,-1.56255639097708,5558.2,8.7,3,7.10120092378753,0.602550176378888
2009,"四川省",0.0173488087965791,0.00487965791081246,8185,14151.28,7546.96180952108,5805.0801904751,100.8,1732,3434,4.3,0.930000000000007,11575.2,71,19.97,1.72892852779475,0.817961343426178
2016,"上海市",0.0103471074380165,0.00682644628099173,2420,28178.65,54305.35,37458.33,103.2,3327,25910,4.1,5.87,23639.8,12.52,8.26,11.6440702479339,0.838925924414406
2017,"河北省",0.0134281914893617,0.00618085106382979,7520,34016.32,21484.13,15436.99,101.7,2328,7039,3.7,3.14,33065.2361904783,50.49,23.24,4.52344680851064,0.972040367402421
2009,"云南省",0.015003281557646,0.0026602493983811,4571,6169.75,6323.05866666464,4661.98590476066,100.4,1298,2723,4.3,8,4668.6,34.29,6.08,1.34975935243929,0.756691924308116
2013,"云南省",0.0192916577768295,0.00389588222743759,4687,11832.31,12577.87,8823.81,103.1,1662,4176,4,7.56,8969.8,45.21,9.13,2.52449541284404,0.758076825235309
2009,"青海省",0.0106642728904847,0.00272890484739677,557,1081.27,6593.0270476169,7648.84790476062,102.6,1080,2442,3.8,1.20999999999999,711.3,2.97,0.76,1.94123877917415,0.65783754288938
2013,"新疆维吾尔自治区",0.023030035335689,0.00963780918727915,2264,8443.84,13669.62,11391.84,103.9,1681,3949,3.4,5.25,5884.5,26.07,10.91,3.72961130742049,0.696898567476409
2009,"甘肃省",0.0095812133072407,0.0019334637964775,2555,3387.56,5706.61876190268,4302.72647618875,101.3,1806,2396,3.3,3.8,3026.9,12.24,2.47,1.32585518590998,0.893533989065876
2016,"湖北省",0.0174613423959218,0.00622259983007647,5885,32665.38,21786.64,15888.65,102.2,2950,6457,2.4,5.48999999999999,20886.6676190482,51.38,18.31,5.55061682242991,0.63941296929802
2013,"青海省",0.0164359861591695,0.00373702422145329,578,2122.06,12947.84,11576.5,103.9,1162,3957,3.3,3.84999999999999,1504.2,4.75,1.08,3.67138408304498,0.708839523858892
2009,"河北省",0.0204719931760023,0.00360250213249929,7034,17235.48,8442.17295237863,6095.82571428409,99.3,1871,3210,3.9,3.59999999999999,13551.1,72,12.67,2.45030992323003,0.786232817420809
2017,"浙江省",0.0121760650521478,0.00557539331801308,5657,51768.26,42045.69,27079.06,102.1,2345,13430,2.7,11.48,39114.4866666682,34.44,15.77,9.15118614106417,0.755568888478543
2010,"青海省",0.0106571936056838,0.00284191829484902,563,1350.43,8147.80647618836,8642.04104761779,105.4,1119,2894,3.8,2.42992481203009,868.2,3,0.8,2.3986323268206,0.642906333538206
2010,"吉林省",0.0162358937022206,0.00684382963232617,2747,8667.58,12030.5612380933,8977.84104761784,103.7,2716,3495,3.8,4.89406015037594,5147.3,22.3,9.4,3.15528940662541,0.593856647414849
2016,"广西壮族自治区",0.0162877221992559,0.00466308391897478,4838,18317.64,18305.08,12295.18,101.6,2279,5042,2.9,8.43000000000001,12256.4457142861,39.4,11.28,3.78620090946672,0.669106157468214
2011,"青海省",0.0146830985915493,0.00330985915492958,568,1670.44,9702.58590476029,9635.23419047496,106.1,1082,3090.01,3.8,2.61,1043.5,4.17,0.94,2.94091549295775,0.624685711549053
2016,"青海省",0.0206408094435076,0.00512647554806071,593,2572.49,17301.76,14774.66,101.8,1319,4612,3.1,5.8,2046.45523809537,6.12,1.52,4.33809443507588,0.795515332652554
2015,"江苏省",0.0197091273821464,0.00574974924774323,7976,70116.38,29538.85,20555.56,101.7,2896,7177,3,3.01000000000001,40109.6533333343,78.6,22.93,8.79092026078235,0.572043983635981
2013,"重庆市",0.0204107744107744,0.009003367003367,2970,12783.26,16568.67,12600.2,102.7,2894,5239,3.4,3.95999999999999,9622.3,30.31,13.37,4.30412794612795,0.752726612773267
2013,"辽宁省",0.0168382687927107,0.00692938496583144,4390,27213.22,20817.84,14950.16,102.4,2903,4918,3.4,1.97,19659.5,36.96,15.21,6.19891116173121,0.722424615683113
2017,"广西壮族自治区",0.0155332650972364,0.00491299897645855,4885,18523.26,19904.76,13423.66,101.6,2383,5623,2.2,9.2,13347.3114285721,37.94,12,3.79186489252815,0.720570322317565
2015,"宁夏回族自治区",0.0182335329341317,0.00541916167664671,668,2911.77,17329.09,13815.63,101.1,2244,4010,4,6.16,2309.74666666676,6.09,1.81,4.3589371257485,0.79324488770293
2013,"湖南省",0.0185502914362577,0.00500074727245554,6691,24621.67,16004.9,11945.85,102.5,2106,3908,4.2,5.7,14539.7,62.06,16.73,3.67981916006576,0.590524525753127
2017,"广东省",0.0135750738651625,0.00394484734533083,11169,89705.23,33003.29,24819.63,101.5,2454,11416,2.5,13.46,66365.638095241,75.81,22.03,8.03162592891038,0.739819050631062
2015,"海南省",0.0182436882546652,0.00331503841931943,911,3702.76,18978.97,13575.02,101,2290,9226,2.3,10.47,2986.53333333333,8.31,1.51,4.06450054884742,0.806569513912143
2011,"安徽省",0.0238404825737265,0.00400469168900804,5968,15300.65,11518.6064761886,7797.91028571269,105.6,2007,4371.24,3.7,2.7,9233.6,71.14,11.95,2.56378183646113,0.603477630035325
2013,"湖北省",0.0222728056561476,0.00520434557682359,5799,24791.83,16472.46,11760.77,102.8,3144,4847,3.5,3.33,15507,64.58,15.09,4.27519055009484,0.62548831611059
2010,"江苏省",0.0192908882958445,0.00406659041809633,7869,41425.48,16547.8415238066,13534.0256190458,103.8,2819,5592,3.2,-1.39654135338333,23334.5,75.9,16,5.26438937603253,0.563288584706804
2014,"河北省",0.0179117009750813,0.00502979414951246,7384,29421.15,16647.4,11931.54,101.7,2098,4988,3.6,4.91,25690.1,66.13,18.57,3.98444609967497,0.873184766740933
2017,"黑龙江省",0.0151332805489575,0.0103932435998944,3789,15902.68,21205.79,15577.48,101.3,2403,6073,4.2,3.83,13645.804761905,28.67,19.69,4.19706518870414,0.85808208188211
2017,"上海市",0.00899090157154673,0.00486352357320099,2418,30632.99,58987.96,39791.85,101.7,3498,24866,3.9,3.54000000000001,24338.5,10.87,5.88,12.6687303556658,0.794519242163432
2010,"湖南省",0.0193302891933029,0.00420091324200913,6570,16037.96,10277.3386666644,7753.53361904575,103.1,2051,3014,4.2,6.10007518796999,9022.6,63.5,13.8,2.4410898021309,0.562577784206969
2017,"四川省",0.016610455311973,0.00750903396771862,8302,36980.22,20579.82,16179.94,101.4,2339,5888,4,1.93000000000001,33648.6190476203,68.95,31.17,4.45437484943387,0.909908568624533
2017,"福建省",0.0149015597034007,0.00541549475837382,3911,32182.09,30047.75,21249.35,101.2,2352,9284,3.9,4.12,16177.4790476202,29.14,10.59,8.22860905139351,0.502685781054624
2011,"辽宁省",0.0170020533880903,0.00634725074150125,4383,22226.7,17464.7548571406,12140.3628571415,105.2,2712,4542.88,3.7,1.31999999999999,15365.7,37.26,13.91,5.07111567419576,0.691317199584284
2018,"黑龙江省",0.0168265747857585,0.0112867744500396,3773,16361.62,22725.85,16993.96,102,2478,5956.88749999995,4.33333333333333,2.21531328320799,14550.5904761909,31.7433333333333,21.2924999999998,4.33650145772595,0.889312334364867
2011,"河北省",0.0214666482530037,0.00431708327579064,7241,24515.76,11722.0340952361,8437.668571427,105.7,2006,3766.75,3.8,7.73999999999999,17824.3,77.72,15.63,3.38568705979837,0.727054759876912
2016,"浙江省",0.0131234347048301,0.00526296958855098,5590,47251.36,38529,25526.63,101.9,2355,11447,2.9,8.56,36484.9466666672,36.68,14.71,8.45283720930233,0.772145958691289
2018,"江西省",0.0124212325492446,0.00494908204245549,4648,21984.78,24079.68,15792.02,102.1,2826.66666666666,6372.11611111113,3.33888888888889,8.65869674185464,15440.0152380955,28.8669444444445,11.5016666666666,4.72994406196213,0.702304741648338
2012,"安徽省",0.0255477621910488,0.00446559786239145,5988,17212.05,13261.0413333317,9125.00799999852,102.3,2101,4495.12,3.7,8.78,11178.6,76.49,13.37,2.87442384769539,0.649463602534271
2012,"河北省",0.0204527991218441,0.00469813391877058,7288,26575.01,13361.9646666651,9608.58999999845,102.6,2063,4141.96,3.7,4.59999999999999,20665.1,74.53,17.12,3.64640642151482,0.777614006542236
2011,"云南省",0.0168732455193263,0.00320881019218311,4631,8893.12,9337.76266666455,6733.96819047513,104.9,1520,3388.41,4.1,4.09999999999999,6656,39.07,7.43,1.92034549773267,0.748443740779389
2013,"山西省",0.0211570247933884,0.00336088154269972,3630,12665.25,15119.72,10118.33,103.1,2474,4211,3.1,5.52,13339.4,38.4,6.1,3.48904958677686,1.0532283215886
2011,"贵州省",0.0215278178149323,0.00416258287690977,3469,5701.84,7990.17276190314,5965.93038095068,105.1,1254,3489.71,3.6,12.01,3934.5,37.34,7.22,1.64365523205535,0.690040408008643
2014,"河南省",0.0249215769393811,0.00489402289105553,9436,34938.24,15695.18,11000.44,101.9,2203,3909,3,2.33,22417.2,117.58,23.09,3.70265366680797,0.641623619277903
2011,"山东省",0.0201120680709764,0.00376880772024489,9637,45361.85,14749.9726666645,9176.11314285547,105,2191,4298.78,3.4,0.739999999999995,22173.3,96.91,18.16,4.7070509494656,0.4888094290687
2018,"天津市",0.0126160968660969,0.00855769230769225,1560,18809.64,39506.15,29902.91,102,4036.25,13960.3972222221,3.47222222222223,15.4597994987462,10355.4083333334,9.84055555555556,6.67499999999995,12.0574615384615,0.550537295415194
2013,"山东省",0.0183170656529333,0.00462550087331758,9733,55230.32,19008.26,11896.77,102.2,2304,4797,3.2,3.87,29796.1,89.14,22.51,5.67454227884517,0.539488092772231
2016,"福建省",0.016241610738255,0.00497160557563242,3874,28810.58,27607.93,20167.48,101.7,2438,9175,3.9,3.8,15029.5161904772,31.46,9.63,7.43690758905524,0.521666561050738
2018,"河南省",0.0218989530915611,0.00686517438833946,9605,48055.86,21963.54,15168.5,102.3,2541.27777777778,5319.99888888886,2.73611111111111,3.66776942355894,31503.2171428585,105.169722222222,32.9700000000003,5.00321290994274,0.655554122699262
2014,"新疆维吾尔自治区",0.0242993907745866,0.00939947780678851,2298,9273.46,15096.62,11903.71,102.1,1749,4057,3.2,4.5,6187.7,27.92,10.8,4.03544821583986,0.667248254696737
2014,"西藏自治区",0.0123270440251572,0.00163522012578616,318,920.83,10730.22,7316.95,102.9,1676,5323,2.5,1.06999999999999,559.3,1.96,0.26,2.89569182389937,0.607386814069915
2013,"陕西省",0.0210255047821467,0.0042826780021254,3764,16205.45,14371.55,11217.32,103,3612,4991,3.3,5.02,12249.4,39.57,8.06,4.30537991498406,0.755881508998516
2014,"宁夏回族自治区",0.0169184290030211,0.00477341389728097,662,2752.1,15906.78,12484.52,101.9,2255,3747,4,5.8,2054.6,5.6,1.58,4.15725075528701,0.746557174521275
2010,"广西壮族自治区",0.0228633405639913,0.00316702819956616,4610,9569.85,9610.25190476002,6168.01980952267,103,1530,3382,3.7,9.70669172932332,5702.4,52.7,7.3,2.07588937093275,0.595871408642769
2009,"湖南省",0.0203840149859507,0.00410864814236653,6406,13059.69,8436.7826666641,6399.00276190275,99.6,2040,2532,4.1,4.89,7809.8,65.29,13.16,2.03866531376834,0.598008069104244
2010,"贵州省",0.0215579189422248,0.0036792181661397,3479,4602.16,6528.51819047472,4821.16009523626,102.9,1109,3142,3.6,7.96007518796978,3245,37.5,6.4,1.32283989652199,0.70510369044101
2013,"天津市",0.0139402173913043,0.00615489130434783,1472,14442.01,26359.2,20418.67,103.1,4346,8390,3.6,-1.13,7612.3,10.26,4.53,9.81114809782609,0.527094220264354
2009,"江苏省",0.0187170294494238,0.00367989756722151,7810,34457.3,13899.6569523783,12108.3687619027,99.6,2786,4805,3.2,-2.7,20080.6,73.09,14.37,4.41194622279129,0.58276765736143
2015,"湖北省",0.019583048530417,0.00570403280929597,5852,29550.19,20025.56,14316.5,101.5,3038,5663,2.6,4.12,19038.7933333335,57.3,16.69,5.04958817498291,0.644286663921059
2016,"山东省",0.0134854730069368,0.00511712073992158,9947,68024.49,24685.27,15926.36,102.1,2620,5728,3.5,4.14,39501.3495238107,67.07,25.45,6.83869407861667,0.580693063980497
2013,"河北省",0.0202045547524887,0.00487658529933179,7333,28442.95,15189.64,10872.18,103,2108,4640,3.7,5.5,23357.2,74.08,17.88,3.87876039819992,0.821194707300052
2011,"西藏自治区",0.00897689768976898,0.00132013201320132,303,605.83,6332.46352380794,4190.27990476042,105,1446,3311.55,3.2,4.43000000000001,318.8,1.36,0.2,1.99943894389439,0.526220226796296
2015,"黑龙江省",0.016694648478489,0.00995802728226653,3812,15083.67,18592.65,13402.54,101.1,2518,4818,4.5,1.59,11836.2333333334,31.82,18.98,3.95689139559286,0.784705136968218
2016,"甘肃省",0.0167892720306513,0.0038544061302682,2610,7200.37,14670.31,12254.25,101.3,2189,4817,2.2,2.84999999999999,8073.12000000034,21.91,5.03,2.75876245210728,1.12120904897948
2009,"广西壮族自治区",0.0212355848434926,0.00270181219110379,4856,7759.16,8139.15619047405,5109.92038095137,97.9,1436,3133,3.7,10.76,4686.2,51.56,6.56,1.59785008237232,0.603957129379984
2017,"山西省",0.0155429497568882,0.00444084278768233,3702,15528.42,20420.01,13664.44,101.1,2401,5457,3.4,8.34,18143.0123809529,28.77,8.22,4.19460291734198,1.16837465633676
2012,"重庆市",0.0202716468590832,0.0085365025466893,2945,11409.6,14425.9599999981,11172.0586666651,102.6,2734,4804.8,3.3,1.37,8361.6,29.85,12.57,3.87422750424448,0.732856541859487
2009,"西藏自治区",0.00918918918918919,0.00114864864864865,296,441.36,3287.07323809341,2124.58504761732,101.4,1317,2392,3.8,-3.40000000000001,226.4,1.36,0.17,1.49108108108108,0.512959941997462
2010,"宁夏回族自治区",0.018957345971564,0.0037914691943128,633,1689.65,9679.55409523612,8311.15752380854,104.1,1868,3107,4.4,7.17473684210518,1170.3,6,1.2,2.66927330173776,0.692628650904033
2014,"山东省",0.016994585759526,0.00478291960363674,9789,59426.59,20864.21,13328.9,101.9,2421,5029,3.3,2.65000000000001,33178.6,83.18,23.41,6.07075186433752,0.55831236488582
2017,"山东省",0.0125084949030582,0.00544673196082351,10006,72634.15,26929.94,17280.69,101.5,2519,6153,3.4,1.68000000000001,42789.7123809541,62.58,27.25,7.25905956426144,0.589112867445328
2010,"北京市",0.0140672782874618,0.00448521916411825,1962,14113.58,27419.1082857084,22845.5317142829,102.4,6196,17151,1.4,4.94248120300749,17003.1,13.8,4.4,7.19346585117227,1.20473331358876
2011,"黑龙江省",0.0173552425665102,0.00779864371413667,3834,12582,13266.174761903,9800.32923809369,105.8,2409,3682.78,4.1,1.29000000000001,8147.4,33.27,14.95,3.28169014084507,0.647544110634239
2016,"重庆市",0.0182742782152231,0.00912073490813648,3048,17740.59,22034.14,16384.83,101.8,3059,5162,3.7,3.37,13399.4,27.85,13.9,5.82040354330709,0.755296188007276
2015,"云南省",0.0193251792492619,0.00460143399409532,4742,13619.17,15222.57,11005.41,101.9,1819,4800,4,4.98,10842.6266666667,45.82,10.91,2.87203078869675,0.796129769043687
2010,"河北省",0.0208507089241034,0.00403113705865999,7194,20394.26,10082.1035238076,7266.74714285554,103.1,1951,3442,3.9,5.37533834586452,15678.4,75,14.5,2.8348985265499,0.768765329068081
2012,"河南省",0.0253306400170104,0.00340208377631299,9406,29599.31,12579.1786666648,8918.59466666565,102.5,2012,3511.26,3.1,2.26000000000001,17469,119.13,16,3.14685413565809,0.590182676555636
2011,"新疆维吾尔自治区",0.025559076505206,0.00943413309189679,2209,6610.05,10467.9368571411,9118.23257142748,105.9,1521,3286.95,3.2,5.31,4421.9,28.23,10.42,2.99232684472612,0.668966195414558
2015,"江西省",0.0134121769601402,0.00416995181778362,4566,16723.78,18437.11,12403.37,101.5,2654,5107,3.4,6.12,11953.6466666665,30.62,9.52,3.66267630310994,0.714769428123695
2013,"甘肃省",0.0144461657629744,0.00298218435321456,2582,6330.69,10954.4,8943.39,103.2,2193,3684,2.3,5.64,5878.5,18.65,3.85,2.4518551510457,0.928571767058567
2009,"浙江省",0.0162092494313874,0.00405989385898408,5276,22990.35,16693.8381904727,13880.8143809503,98.5,2303,7890,3.3,1.93000000000001,17833.4,42.76,10.71,4.35753411675512,0.775690670215982
2017,"甘肃省",0.0150723533891851,0.00412033511043412,2626,7459.9,16011,13120.11,101.4,2217,5326,2.7,3.27,8813.08000000031,19.79,5.41,2.84078446306169,1.18139385246455
2015,"湖南省",0.0160017691287041,0.00533392304290137,6783,28902.21,19317.49,14267.34,101.4,2215,3974,4.1,2.98,17981.1800000002,54.27,18.09,4.26097744360902,0.622138583866084
2018,"内蒙古自治区",0.0162437516443041,0.00874857493642006,2534,17289.22,28375.65,19665.22,101.8,2086.25,4525.30750000005,3.53611111111111,2.42984962406013,11609.1314285719,20.5808333333333,11.0844444444442,6.82289660615628,0.671466464569939
2009,"山西省",0.0200525240735337,0.00227020717829005,3427,7358.31,9730.82419047458,6217.30038095103,99.6,2050,2552,3.9,4.22,8099.4,34.36,3.89,2.14715786402101,1.10071470215308
2010,"福建省",0.0206877877064717,0.003303547251557,3693,14737.12,14218.4254285684,12249.472666665,103.2,2144,6077,3.8,0.94112781954891,8101,38.2,6.1,3.99055510425129,0.549700348507714
2011,"上海市",0.0126885385598637,0.00408180656156796,2347,19195.69,32838.3393333275,25210.3971428536,105.2,3556,13565.83,3.5,13.09,17288.5,14.89,4.79,8.17881976991904,0.900644884346434
2017,"吉林省",0.0151858667648141,0.00983437615016562,2717,14944.53,21368.32,15631.86,101.6,3038,5748,3.5,2.42,10948.0400000005,20.63,13.36,5.50037909458962,0.732578408287213
2015,"天津市",0.0130833872010343,0.00670976082740789,1547,16538.19,31291.36,24162.46,101.7,4185,9931,3.5,20.43,8743.8,10.12,5.19,10.6904912734324,0.52870356429573
2009,"湖北省",0.0197692307692308,0.00380769230769231,5720,12961.1,8971.65380952135,5481.03733333107,99.6,2829,3413,4.2,5.15000000000001,8163.5,56.54,10.89,2.26592657342657,0.629846232187083
2012,"青海省",0.0159511343804538,0.0037347294938918,573,1893.54,11257.3653333317,10628.4273333324,103.1,1133,3692.21,3.4,6.34999999999999,1275.3,4.57,1.07,3.30460732984293,0.673500427770208
2018,"北京市",0.0148888373052719,0.00932580212524523,2154,30319.98,62361.22,39842.69,102.5,4840.86111111112,31503.0188888889,1.35555555555556,5.47882205513788,30809.611111111,16.0352777777778,10.0438888888891,14.0761281337047,1.01614879400023
2012,"浙江省",0.0161402227496805,0.00447325178017163,5477,34665.33,26249.3113333313,18963.154666665,102.2,2288,10679.69,3,4.58,26406.8,44.2,12.25,6.32925506664232,0.761763987246047
2010,"重庆市",0.0216984402079723,0.00783362218370884,2885,7925.58,10516.6371428547,8500.69123809319,103.2,2413,4040,3.9,2.69323308270668,5839.7,31.3,11.3,2.74716811091854,0.736816737702477
2013,"上海市",0.0123809523809524,0.0057639751552795,2415,21818.15,42173.64,30399.88,102.3,3421,16192,4,6.23999999999999,20486.3,14.95,6.96,9.03443064182195,0.938956785978646
2011,"海南省",0.0262713797035348,0.00248574686431015,877,2522.66,12135.7027619029,8780.29838095093,106.1,2079,9083.14,1.7,8.28,1875.1,11.52,1.09,2.87646522234892,0.743302704288331
2012,"贵州省",0.02398392652124,0.00466130884041332,3484,6852.2,9451.82733333204,7110.7006666651,102.7,1392,3695.36,3.3,5.66,4806.1,41.78,8.12,1.96676234213548,0.701395172353405
2017,"江西省",0.0125097360450022,0.00479446127217655,4622,20006.31,22031.45,14459.02,102,2676,5800,3.3,8.28,14277.8923809528,28.91,11.08,4.32849632193856,0.713669456334168
2011,"重庆市",0.0208838643371017,0.00846180198698184,2919,10011.37,12471.2985714264,9836.37495237915,105.3,2522,4492.3,3.5,4.03,6990.2,30.48,12.35,3.42972593353888,0.698226116905079
2009,"北京市",0.0195483870967742,0.00444086021505376,1860,12153.03,23134.7634285651,20733.6565714255,98.5,6410,13224,1.4,4.27,14672.1,18.18,4.13,6.53388709677419,1.20727917235455
2015,"山西省",0.0189301310043668,0.0039410480349345,3664,12766.49,17853.67,11729.05,100.6,2504,4742,3.5,7.48999999999999,15621.8866666672,34.68,7.22,3.48430403930131,1.22366340839708
2017,"宁夏回族自治区",0.017683284457478,0.00651026392961877,682,3443.56,20561.66,15350.29,101.6,2278,4243,3.9,-3.09,2761.93523809535,6.03,2.22,5.04920821114369,0.80205811372398
2013,"浙江省",0.0153583121134958,0.0048162968352128,5498,37756.59,29774.99,20610.09,102.3,2363,11016,3,7.54000000000001,28923,42.22,13.24,6.86733175700255,0.766038458451889
2016,"辽宁省",0.0142804933759708,0.00731384193695752,4378,22246.9,26039.7,19852.66,101.6,2845,5876,3.8,1.86,25116.9314285722,31.26,16.01,5.08152124257652,1.12900815073436
2012,"甘肃省",0.0129945694336695,0.00255236617532971,2578,5650.2,9593.97933333181,7683.54733333178,102.7,2145,3376.08,2.7,6.01000000000001,5050.1,16.75,3.29,2.19169899146625,0.893791370216984
2012,"黑龙江省",0.0180281690140845,0.00817944705268649,3834,13691.58,14602.2333333315,10778.9886666653,103.2,2441,3725.51,4.2,3.66,9269.2,34.56,15.68,3.57109546165884,0.677000024832781
2012,"新疆维吾尔自治区",0.0235467980295566,0.00923421406180027,2233,7505.31,12047.4819999984,10110.6919999991,103.8,1596,3593.82,3.4,3.97,5281.8,26.29,10.31,3.36108822212271,0.703741750840405
2018,"辽宁省",0.0137167036272336,0.00780173842114651,4359,25315.35,29701.45,21398.31,102.5,2955.33333333334,6476.04027777771,3.57222222222222,1.03491228070176,28893.6342857154,29.8955555555556,17.0038888888888,5.80760495526497,1.14134840267725
2012,"江西省",0.0186989342806394,0.00335257548845471,4504,12948.88,13168.8459999976,8876.25933333253,102.7,2295,4381.18,3,7.64,8471.9,42.11,7.55,2.87497335701599,0.654257356620804
2009,"广东省",0.0170681145113524,0.00235143139190523,10130,39482.56,13311.4527619015,10383.9412380927,97.7,1952,6360,2.6,2.23,31411.4,86.45,11.91,3.89758736426456,0.795576578621042
2018,"山西省",0.0165758173450481,0.00473148646225558,3718,16818.11,21990.14,14810.12,101.8,2599.41666666666,5699.33333333326,3.28333333333333,7.57273182957397,19403.5752380961,30.8144444444445,8.79583333333312,4.52342926304465,1.15373102198143
2016,"四川省",0.017601065117405,0.00717017671266037,8262,32934.54,18808.26,14838.52,101.9,2314,5449,4.2,-0.269999999999996,30825.2761904774,72.71,29.62,3.9862672476398,0.935955874606945
2012,"福建省",0.0203788687299893,0.00399679829242263,3748,19701.78,18760.3779999977,14891.1286666654,102.4,2301,8365.92,3.6,1.89,10507.4,38.19,7.49,5.25661152614728,0.533322369856937
2010,"黑龙江省",0.0161231411427081,0.0072006261414036,3833,10368.6,11930.116190474,8821.66980952211,103.9,2447,3492,4.3,2.4677443609022,7254.7,30.9,13.8,2.70508739890425,0.699679802480566
2017,"重庆市",0.0173008130081301,0.00980813008130081,3075,19424.73,24152.99,17898.05,101,3084,6605,3.4,-0.430000000000007,14367.4,26.6,15.08,6.31698536585366,0.739644772411251
2017,"新疆维吾尔自治区",0.0150429447852761,0.00608588957055215,2445,10881.96,19975.1,15087.3,102.2,1863,4538,2.6,2.12,8380.00571428589,18.39,7.44,4.45069938650307,0.770082385368618
2015,"上海市",0.0117432712215321,0.00551552795031056,2415,25123.45,49867.17,34783.55,102.4,3330,21501,4,8.37,23384.7,14.18,6.66,10.4030848861284,0.930791750336837
2015,"河南省",0.0230886075949367,0.00532278481012658,9480,37002.16,17124.75,11835.13,101.3,2293,4317,3,3.98999999999999,24567.7400000012,109.44,25.23,3.90318143459916,0.663954212402767
2014,"甘肃省",0.0155769972983404,0.00325742956387495,2591,6836.82,12184.71,9874.57,102.1,2219,4234,2.2,7.59999999999999,6674.7,20.18,4.22,2.63868004631416,0.976287221251986
2015,"四川省",0.0180765480253535,0.006977084349098,8204,30053.1,17220.96,13632.1,101.5,2312,5034,4.1,0.890000000000001,28001.9333333345,74.15,28.62,3.6632252559727,0.931748582786285
2009,"黑龙江省",0.0158860428646106,0.00659174072138003,3826,8587,10594.0576190455,7843.01038095052,100.2,2420,3067,4.3,3.31,6430.1,30.39,12.61,2.2443805541035,0.748817980668452
2012,"北京市",0.0168293861768971,0.00469792170130498,2069,17879.4,35987.7979999948,27069.2819999978,103.3,5534,16553.48,1.3,5.18000000000001,21644.9,17.41,4.86,8.64156597390044,1.21060550130318
2015,"陕西省",0.0187714210387556,0.00513050355918798,3793,18021.86,17394.98,13087.22,101,3628,5082,3.4,2.59,14843.4866666668,35.6,9.73,4.75134721856051,0.823637885693641
2010,"上海市",0.0112896222318715,0.00408163265306122,2303,17165.98,28451.2073333282,22707.164285711,103.1,4300,14290,4.4,6.09586466165401,15650.2,13,4.7,7.4537472861485,0.911698603866485
2009,"山东省",0.0193959873284055,0.00320380147835269,9470,33896.65,10683.628666664,6455.06342856959,100,2153,3390,3.4,2.3,17082.8,91.84,15.17,3.5793717001056,0.503967206198843
2009,"天津市",0.0169381107491857,0.00449511400651466,1228,7521.85,15559.8658095198,12897.4901904734,99,4432,6605,3.6,2.38,4885.9,10.4,2.76,6.12528501628665,0.649560945777967
2009,"福建省",0.0196726677577741,0.00317512274959083,3666,12236.53,11947.4491428547,10928.6446666652,98.2,2039,5366,3.9,-0.0100000000000051,7078.8,36.06,5.82,3.33784233496999,0.578497335437416
2014,"上海市",0.0116982687551525,0.00507007419620775,2426,23567.7,45965.83,33064.76,102.7,3348,16415,4.1,6.7,21269.3,14.19,6.15,9.7146331409728,0.902476694798389
2015,"河北省",0.0164148148148148,0.00536026936026936,7425,29806.11,18118.09,13030.69,100.9,2141,5530,3.6,2.15000000000001,28118.2533333348,60.94,19.9,4.01429090909091,0.943372125156044
2011,"四川省",0.0186285714285714,0.00575155279503106,8050,21026.68,10817.1063809502,8415.67961904639,105.3,1904,4595.13,4.2,4.43000000000001,16147.3,74.98,23.15,2.6120099378882,0.767943393821564
2010,"湖北省",0.0199371508379888,0.00405027932960894,5728,15967.61,10825.7480952358,6980.61133333109,102.9,2906,3506,4.2,4.45714285714291,9798,57.1,11.6,2.78764141061453,0.613617191301641
2011,"陕西省",0.0197328346246326,0.00364413572001069,3743,12512.3,10988.8548571412,9257.899904761,105.7,3378,4705.28,3.6,5.42,9172.1,36.93,6.82,3.34285332620892,0.733046682064848
2013,"吉林省",0.0184732824427481,0.00901490367139222,2751,13046.4,15998.12,12054.34,102.9,3033,4228,3.7,6.23,7745.3,25.41,12.4,4.74242093784078,0.593673350502821
2012,"内蒙古自治区",0.0166827309236948,0.00567068273092369,2490,15880.58,16660.5713333315,14210.1773333326,103.1,2042,3656.41,3.7,4.44,6597.2,20.77,7.06,6.37774297188755,0.415425633068817
2009,"贵州省",0.0174102346621431,0.00327961549335595,3537,3912.68,5066.86361904582,3676.38980952185,98.7,1043,2642,3.8,7.03,2676.1,30.79,5.8,1.10621430590896,0.683955754112271
2012,"湖南省",0.0193944871215544,0.00468142792589245,6639,22154.23,13958.4506666646,10462.5953333317,102,2087,3669.63,4.2,6.56999999999999,12578.3,64.38,15.54,3.33698297936436,0.567760648869313
2017,"青海省",0.0199665551839465,0.00548494983277592,598,2624.83,19001.02,15503.13,101.5,1391,5298,3.1,5.93000000000001,2240.36380952393,5.97,1.64,4.38934782608696,0.853527203485151
2012,"广西壮族自治区",0.0210038445108928,0.00366937206322085,4682,13035.1,12552.443333332,8284.21866666572,103.2,1834,3909.83,3.4,7.72,7900.8,49.17,8.59,2.78408799658266,0.606117329364562
2017,"江苏省",0.0168265039232781,0.00716901233030265,8029,85869.76,35024.09,23468.63,101.7,3045,9070,3,3.02,46858.836190477,67.55,28.78,10.6949508033379,0.545696601346935
2015,"福建省",0.018202656941912,0.00465225319093514,3839,25979.82,25404.36,18850.19,101.7,2508,8565,3.7,5.70999999999999,13881.5533333342,34.94,8.93,6.76734045324303,0.534320612434349
2016,"海南省",0.0170774263904035,0.00362050163576881,917,4053.2,20653.44,14275.37,102.8,2258,9775,2.4,11.46,3261.9476190476,7.83,1.66,4.42006543075245,0.804783287044212
2013,"四川省",0.0191636857037128,0.00661897125940545,8107,26392.07,14230.99,11054.66,102.8,2140,5086,4.1,4.02,22597.3,77.68,26.83,3.25546688047366,0.856215522314089
2016,"贵州省",0.0254964838255978,0.00680731364275668,3555,11776.73,15121.15,11931.6,101.4,2005,3704,3.2,6.65000000000001,8212.81809523841,45.32,12.1,3.3127229254571,0.697376784153022
2017,"陕西省",0.0156766623207301,0.00567405475880052,3835,21898.81,20635.21,14899.67,101.6,3582,6477,3.3,-2.62,17580.5266666673,30.06,10.88,5.71025032594524,0.802807397601391
2012,"吉林省",0.0167127272727273,0.00807272727272727,2750,11939.24,14706.4686666653,10952.5073333324,102.5,2889,3875.1,3.7,3.47,6875.1,22.98,11.1,4.34154181818182,0.575840673275686
2013,"北京市",0.0154799054373522,0.00610874704491726,2115,19800.81,40830.04,29175.63,103.3,5469,17854,1.2,7.62,23086.4,16.37,6.46,9.36208510638298,1.16593210075749
2017,"河南省",0.0181964640652788,0.0066241238623287,9559,44552.83,20170.03,13729.61,101.4,2455,5038,2.8,4.48999999999999,29191.3914285731,86.97,31.66,4.66082540014646,0.655208466635521
2014,"福建省",0.0197214923804519,0.00458749343142407,3806,24055.76,23330.85,17644.47,102,2513,8843,3.5,8.56,12579,37.53,8.73,6.32048344718865,0.522910105521505
2013,"黑龙江省",0.0196401564537158,0.00929856584093872,3835,14454.91,15903.45,12037.23,102.2,2529,4435,4.4,2.94,10058.6,37.66,17.83,3.7692073011734,0.695860437733614
2014,"黑龙江省",0.0183824680406992,0.00977302374119489,3833,15039.38,17404.39,12768.76,101.5,2555,4517,4.5,0.159999999999997,10856.9,35.23,18.73,3.92365770936603,0.721898110161456
2013,"宁夏回族自治区",0.0195107033639144,0.00486238532110092,654,2577.57,14565.78,11292.02,103.4,2195,3917,4.1,4.31999999999999,1887.2,6.38,1.59,3.94123853211009,0.732162463095086
2012,"山东省",0.01927310273619,0.00406195147134744,9685,50013.24,16783.1446666648,10536.6379999989,102.1,2238,4556.63,3.3,2.14,26343.3,93.33,19.67,5.16398967475478,0.526726522816758
2011,"湖南省",0.019972710733778,0.00448756822316556,6596,19669.56,12117.8946666648,9108.06447618874,105.5,2054,3523.65,4.2,5.98,10584.8,65.87,14.8,2.98204366282596,0.538131000388417
2013,"江西省",0.0174126492702344,0.00380804953560372,4522,14410.19,15099.68,10052.77,102.5,2381,4905,3.2,8.52,9725.2,39.37,8.61,3.18668509509067,0.674883537274665
2009,"安徽省",0.019898874571848,0.00303376284456043,6131,10062.82,8033.73676190246,5143.71485714102,99.1,1742,3235,3.9,6.62,6619.5,61,9.3,1.64130158212363,0.657817589900247
2010,"河南省",0.0215629984051037,0.00284954811270601,9405,23092.36,9519.63409523573,6924.60209523677,103.5,1839,2856,3.4,3.46406015037596,12884,101.4,13.4,2.45532801701223,0.557933446386597
2015,"内蒙古自治区",0.0173556352050976,0.00731979291119076,2511,17831.51,22310.09,17178.53,101.1,2035,3939,3.7,4.31999999999999,9021.94000000018,21.79,9.19,7.10135802469136,0.505954907913025
