"","api","chci","alternative","charter","lausd","lacounty","english","black","asian","latino","white","elep","highp","poverty"
"2410",817.5,101.7,0,1,1,1,39,0,0,100,0,100,0,100
"2411",785.5,114.4,0,1,1,1,26,11,1,88,0,17,0,94
"2412",859,171.7,0,1,1,1,1,2,4,34,51,0,100,43
"2413",752.5,119.4,0,1,1,1,62,5,0,94,1,100,0,93
"2414",739.5,113,0,1,1,1,19,6,1,88,0,0,100,98
"2415",737.5,160.1,0,1,1,1,0,99,0,1,0,57,0,44
"2416",747,127,0,1,1,1,10,4,1,78,15,0,48,77
"2417",752.5,105.4,0,1,1,1,22,1,1,95,0,0,100,96
"2418",921.5,119.6,0,1,1,1,13,2,1,97,0,28,0,90
"2419",695.5,144.5,0,1,1,1,0,97,0,1,1,0,100,68
"2420",513,107.4,1,0,1,1,24,20,0,73,3,0,94,86
"2421",806.5,148.4,0,1,1,1,1,89,0,10,0,22,0,79
"2422",NA,NA,0,0,1,1,NA,100,NA,NA,NA,0,0,NA
"2423",805,181.8,0,1,1,1,0,16,2,31,49,0,0,29
"2424",683.5,132.5,0,1,1,1,0,93,0,6,0,0,100,88
"2425",741,105,0,1,1,1,16,1,0,98,1,0,100,95
"2426",901.5,173,0,1,1,1,4,8,3,58,25,0,41,63
"2427",NA,113.7,1,0,1,1,15,18,2,69,11,0,98,23
"2428",827.5,197.8,0,1,1,1,2,5,3,22,53,70,0,19
"2429",889.5,129.4,0,1,1,1,17,-1,1,97,1,100,0,89
"2430",703.5,118.5,0,1,1,1,10,38,0,60,1,0,100,88
"2431",849,114.9,0,1,1,1,13,1,0,95,2,0,0,88
"2432",821.5,118.3,0,1,1,1,36,0,4,94,1,100,0,93
"2433",771,137.2,0,1,1,1,22,24,1,73,1,100,0,100
"2434",767,119.3,0,1,1,1,36,24,0,75,1,0,44,84
"2435",553.5,108.9,1,0,1,1,25,6,2,90,1,0,98,71
"2436",804,108.9,0,0,1,1,1,35,0,65,0,0,100,81
"2437",927.5,141.2,0,0,1,1,0,14,6,61,3,0,100,74
"2438",843,167.9,0,1,1,1,8,11,7,37,32,42,23,16
"2439",921,117.3,0,1,1,1,32,4,0,95,1,100,0,98
"2440",797,103.1,0,1,1,1,9,0,1,98,0,0,100,99
"2441",775,116.7,0,1,1,1,11,7,0,88,4,0,100,80
"2442",797,105.2,0,1,1,1,22,2,0,97,1,0,100,97
"2443",838,102.3,0,1,1,1,9,5,0,95,0,0,100,95
"2444",712.5,118,0,1,1,1,18,0,0,96,2,0,0,81
"2445",733,112.2,0,0,1,1,48,5,1,90,3,100,0,94
"2446",NA,NA,0,0,1,1,NA,100,NA,NA,NA,0,0,NA
"2447",NA,NA,0,0,1,1,NA,100,NA,NA,NA,0,0,NA
"2448",802,105.1,0,0,1,1,55,6,1,91,1,100,0,81
"2449",724,99.5,0,0,1,1,49,6,0,94,0,100,0,86
"2450",691.5,107.3,0,0,1,1,28,2,1,94,1,0,0,100
"2451",686.5,114.5,0,0,1,1,20,1,0,99,0,0,0,81
"2452",783,102.6,0,0,1,1,7,3,1,95,1,0,100,88
"2453",754,130.2,0,0,1,1,8,4,4,64,20,0,100,68
"2454",744.5,113.2,0,0,1,1,11,3,0,97,0,0,44,84
"2455",837,138.4,0,1,1,1,2,7,1,71,13,0,100,37
"2456",795.5,168.4,0,1,1,1,1,9,1,27,53,0,100,40
"2457",892,123.1,0,1,1,1,21,4,5,86,3,56,0,88
"2458",746,98.3,0,1,1,1,16,8,0,92,0,0,100,91
"2459",756,108.3,0,1,1,1,19,3,0,97,0,0,0,95
"2460",900.5,114.7,0,1,1,1,13,52,0,48,0,73,0,99
"2461",916,181.1,0,1,1,1,2,10,15,21,48,49,8,37
"2462",798.5,115.6,0,1,1,1,11,1,0,98,0,0,100,96
"2463",NA,NA,0,0,1,1,NA,100,NA,NA,NA,0,0,NA
"2464",NA,NA,0,0,1,1,NA,100,NA,NA,NA,0,0,NA
"2465",NA,NA,0,0,1,1,NA,100,NA,NA,NA,0,0,NA
"2466",858.5,94.9,0,0,1,1,51,0,0,100,0,100,0,100
"2467",NA,NA,0,0,1,1,NA,100,NA,NA,NA,0,0,NA
"2468",NA,NA,0,0,1,1,NA,100,NA,NA,NA,0,0,NA
"2469",799.5,116.2,0,0,1,1,78,3,13,82,1,100,0,100
"2470",794,118.4,0,0,1,1,30,2,7,87,4,100,0,100
"2471",NA,NA,0,0,1,1,NA,100,NA,NA,NA,0,0,NA
"2472",814,102.2,0,0,1,1,54,0,0,99,1,100,0,100
"2473",754,117,0,0,1,1,49,3,0,89,5,100,0,100
"2474",NA,NA,0,0,1,1,NA,100,NA,NA,NA,0,0,NA
"2475",838,120.9,0,0,1,1,37,1,4,84,2,100,0,100
"2476",811,111.1,0,0,1,1,35,1,0,99,0,92,4,84
"2477",779,98.8,0,0,1,1,51,4,0,96,0,100,0,100
"2478",790.5,104.8,0,0,1,1,33,7,0,93,0,100,0,100
"2479",729.5,122,0,0,1,1,35,25,1,72,2,100,0,100
"2480",868,118,0,0,1,1,30,1,0,98,1,100,0,100
"2481",731,110.2,0,0,1,1,51,3,2,93,0,100,0,100
"2482",685.5,108.9,0,0,1,1,51,2,0,96,1,100,0,86
"2483",813.5,113.8,0,0,1,1,33,4,1,90,5,100,0,96
"2484",793.5,114.7,0,0,1,1,46,2,1,84,12,100,0,100
"2485",819,118.3,0,0,1,1,28,1,0,99,0,100,0,81
"2486",773.5,110.9,0,0,1,1,33,1,0,99,0,100,0,100
"2487",752.5,110.9,0,0,1,1,23,1,3,96,0,76,0,100
"2488",624,98.6,0,0,1,1,30,6,0,94,0,0,100,100
"2489",683.5,109.9,0,0,1,1,21,2,0,98,0,0,100,100
"2490",686.5,109.5,0,0,1,1,18,1,0,98,1,0,100,85
"2491",607,99.1,1,0,1,1,23,2,0,96,0,0,100,85
"2492",790.5,119.4,0,1,1,1,9,1,1,97,0,0,100,85
"2493",828,118.1,0,1,1,1,39,0,0,99,0,84,0,94
"2494",839.5,119.7,0,1,1,1,8,1,0,96,1,0,100,81
"2495",788,133.6,0,1,1,1,20,3,2,89,3,0,0,92
"2496",867,165.1,0,1,1,1,6,4,4,30,57,56,0,36
"2497",671.5,113.5,0,1,1,1,32,1,0,97,1,0,39,92
"2498",630,100,1,0,1,1,35,1,0,99,0,0,100,100
"2499",774.5,131.4,0,1,1,1,26,32,0,68,0,64,0,96
"2500",553,96.2,1,1,1,1,40,6,1,85,6,0,100,100
"2501",781.5,98.5,0,1,1,1,17,13,0,86,0,0,100,85
"2502",889,103.1,0,1,1,1,15,2,0,98,0,0,100,98
"2503",752,103.8,0,1,1,1,19,19,0,81,0,0,0,94
"2504",701.5,101.2,0,1,1,1,23,1,0,99,0,0,100,98
"2505",764,100.3,0,1,1,1,26,2,0,97,1,0,100,94
"2506",608.5,106.4,0,1,1,1,23,28,0,72,0,0,100,85
"2507",625,107.8,0,1,1,1,22,26,0,74,0,0,100,88
"2508",772.5,104.6,0,1,1,1,13,14,0,86,0,0,100,92
"2509",780,108.6,0,1,1,1,10,1,1,97,1,0,100,88
"2510",774.5,102,0,0,1,1,32,1,0,96,1,100,0,86
"2511",833.5,115.2,0,0,1,1,46,1,9,86,1,100,0,100
"2512",879.5,148.9,0,0,1,1,34,4,39,48,2,100,0,72
"2513",791.5,113.3,0,0,1,1,30,0,0,98,1,100,0,100
"2514",837,147.8,0,0,1,1,38,4,35,57,2,100,0,76
"2515",656,95.4,0,0,1,1,30,6,0,94,0,0,0,89
"2516",664,98.7,0,0,1,1,28,2,1,97,0,0,100,90
"2517",623,111.6,0,0,1,1,21,4,1,91,4,0,100,100
"2518",703.5,109.5,0,0,1,1,14,2,1,95,1,0,100,100
"2519",681,105.3,0,0,1,1,25,3,1,91,1,0,100,68
"2520",911,185.9,0,1,1,1,3,4,5,17,70,49,0,19
"2521",810,114,0,1,1,1,13,1,0,99,0,0,0,91
"2522",833,113.2,0,1,1,1,10,2,0,97,0,0,0,93
"2523",737.5,112.7,0,1,1,1,11,0,1,99,0,0,0,87
"2524",634,135,0,1,1,1,2,83,0,15,0,0,0,88
"2525",839.5,179,0,1,1,1,6,4,1,30,62,95,0,32
"2526",790,126.1,0,1,1,1,13,89,0,10,0,100,0,78
"2527",675.5,135.5,0,1,1,1,4,88,0,9,1,0,0,85
"2528",817,121.7,0,1,1,1,16,14,1,83,0,0,100,91
"2529",622,142.4,0,1,1,1,1,98,0,2,0,0,100,73
"2530",640,133.9,0,1,1,1,2,92,0,6,0,0,100,67
"2531",711,94.7,0,0,1,1,17,2,0,98,0,0,100,63
"2532",653,99.2,0,0,1,1,22,1,2,93,1,0,100,89
"2533",690,96.4,0,0,1,1,35,3,0,97,0,0,0,88
"2534",639.5,99.1,0,0,1,1,30,8,0,92,0,0,100,100
"2535",758.5,103.2,0,1,1,1,26,1,0,99,0,0,0,92
"2536",846.5,108.8,0,1,1,1,31,5,0,95,0,100,0,100
"2537",766.5,134.9,0,1,1,1,5,50,1,44,2,0,30,72
"2538",832,122.8,0,1,1,1,32,7,1,90,2,100,0,86
"2539",906.5,181,0,1,1,1,5,5,3,25,61,25,0,49
"2540",823,103.7,0,1,1,1,36,11,0,88,1,101,0,90
"2541",757.5,135,0,1,1,1,15,5,4,71,13,0,31,67
"2542",740,101.8,0,1,1,1,24,1,0,97,1,0,100,93
"2543",662,134.8,0,1,1,1,3,93,0,6,0,0,0,83
"2544",788.5,114,0,1,1,1,35,2,1,91,2,0,0,88
"2545",879.5,92.7,0,1,1,1,46,6,0,94,0,56,0,100
"2546",956.5,147.8,0,1,1,1,8,4,2,74,3,76,0,76
"2547",689,103.3,0,1,1,1,18,2,0,95,2,0,100,93
"2548",714,107.2,0,1,1,1,21,13,0,87,0,0,0,89
"2549",427.5,92.8,0,0,1,1,40,8,0,88,4,0,100,73
"2550",767.5,117.1,0,0,1,1,52,18,0,79,0,100,0,93
"2551",858,143.9,0,0,1,1,7,11,3,61,19,100,0,74
"2552",740,108.2,0,0,1,1,17,4,1,91,3,0,0,100
"2553",652.5,104.5,0,0,1,1,29,3,3,87,1,0,100,100
"2554",620.5,108.5,0,0,1,1,34,4,3,83,5,0,100,74
"2555",613,100.4,0,0,1,1,24,4,0,94,1,0,100,77
"2556",715.5,104.7,0,1,1,1,18,19,0,79,1,0,100,87
"2557",865.5,126.3,0,1,1,1,8,1,3,87,3,0,100,83
"2558",751,141,0,1,1,1,11,30,3,54,6,0,0,69
"2559",764,137.3,0,1,1,1,8,16,2,60,18,0,55,76
"2560",801,121.9,0,1,1,1,17,3,5,81,6,0,29,85
"2561",836.5,149.5,0,1,1,1,3,15,3,50,20,0,0,48
"2562",905,161.7,0,1,1,1,15,3,5,61,23,100,0,73
"2563",654.5,107.6,0,0,1,1,28,2,1,93,0,0,100,81
"2564",595.5,102.2,0,0,1,1,39,4,5,89,0,0,100,100
"2565",718.5,104.7,0,0,1,1,26,3,6,90,0,0,100,100
"2566",606,99.7,0,0,1,1,59,3,4,87,1,0,100,100
"2567",687.5,110.6,0,0,1,1,28,1,12,81,1,0,100,100
"2568",799,104.7,0,0,1,1,33,0,0,100,0,0,0,93
"2569",794,107.5,0,1,1,1,20,4,0,96,0,0,0,95
"2570",965.5,134.8,0,1,1,1,44,3,0,97,0,100,0,90
"2571",658.5,143.8,0,1,1,1,1,68,0,27,1,0,100,85
"2572",927.5,195,0,1,1,1,2,6,11,20,55,80,0,27
"2573",825,114.4,0,1,1,1,34,6,0,93,1,100,0,93
"2574",794.5,138.9,0,1,1,1,1,93,0,7,0,100,0,93
"2575",735.5,136.1,0,1,1,1,6,84,0,15,0,100,0,85
"2576",840,121.4,0,1,1,1,28,1,0,98,1,81,0,92
"2577",906,178.2,0,1,1,1,6,8,2,22,51,100,0,20
"2578",686,126.6,0,1,1,1,7,1,0,92,2,0,100,89
"2579",678,103,0,1,1,1,35,16,0,83,1,0,100,88
"2580",552.5,99.7,0,1,1,1,23,31,0,69,0,0,100,90
"2581",586,101.5,0,0,1,1,31,3,1,93,1,0,100,99
"2582",718.5,110.6,0,0,1,1,41,3,8,85,1,42,28,100
"2583",688.5,117.2,0,0,1,1,44,1,14,80,1,34,40,100
"2584",694.5,98.2,0,0,1,1,26,3,2,92,0,0,0,100
"2585",629.5,101.9,0,0,1,1,25,2,1,97,0,0,100,99
"2586",735,121.6,0,0,1,1,10,10,6,68,11,0,100,74
"2587",701,114.5,0,0,1,1,24,1,9,85,1,0,0,100
"2588",652,108.8,0,0,1,1,11,5,0,94,1,0,100,100
"2589",774,125.4,0,1,1,1,8,1,1,89,6,0,0,84
"2590",881,NA,0,1,1,1,27,2,3,94,0,100,0,91
"2591",873.5,119.8,0,1,1,1,21,1,1,96,1,38,0,83
"2592",882,121.1,0,1,1,1,27,3,4,88,5,26,0,92
"2593",769,100.8,0,1,1,1,17,8,0,92,0,0,0,97
"2594",768,110.5,0,1,1,1,22,0,3,95,1,0,0,88
"2595",817,109,0,1,1,1,11,1,0,98,1,0,0,92
"2596",664,109,0,1,1,1,41,40,0,60,0,0,27,91
"2597",785,119.8,0,1,1,1,54,0,0,100,0,100,0,88
"2598",816.5,137.2,0,1,1,1,5,8,4,54,28,0,100,56
"2599",588.5,120.4,0,1,1,1,20,34,0,66,0,0,0,85
"2600",885.5,117.9,0,1,1,1,57,0,0,99,0,100,0,97
"2601",510,109.5,0,0,1,1,30,36,1,61,1,0,100,76
"2602",866.5,178.2,0,1,1,1,3,23,2,25,40,100,0,15
"2603",877.5,165.4,0,1,1,1,50,-1,0,3,97,100,0,80
"2604",651.5,115.9,0,0,1,1,27,5,13,75,0,0,58,100
"2605",735,112.8,0,0,1,1,58,5,13,76,1,100,0,100
"2606",680,108.2,0,1,1,1,17,32,0,66,1,0,0,95
"2607",678.5,105,0,1,1,1,21,13,0,86,1,0,100,94
"2608",661.5,111.4,0,1,1,1,18,2,2,92,1,0,100,84
"2609",991,155.6,0,1,1,1,8,84,0,12,0,100,0,87
"2610",978,141.2,0,1,1,1,59,2,0,98,0,100,0,84
"2611",788.5,119.5,0,1,1,1,25,28,0,72,0,21,0,50
"2612",741.5,104.1,0,0,1,1,40,11,0,87,0,100,0,100
"2613",729,104.6,0,0,1,1,44,7,0,93,0,100,0,100
"2614",755.5,101.4,0,0,1,1,46,1,0,99,0,100,0,100
"2615",724,99.8,0,0,1,1,46,3,0,97,0,100,0,100
"2616",719,100.5,0,0,1,1,31,23,0,77,0,85,0,100
"2617",741.5,101,0,0,1,1,41,9,0,91,0,82,0,100
"2618",751,116,0,0,1,1,44,0,0,97,2,80,0,85
"2619",675,103.1,0,0,1,1,44,12,0,88,0,81,0,100
"2620",681,107.5,0,0,1,1,54,2,1,96,1,100,0,100
"2621",740,111,0,0,1,1,41,3,1,92,3,100,0,100
"2622",778,113.9,0,0,1,1,38,0,0,98,1,100,0,100
"2623",689,115,0,0,1,1,55,4,1,91,4,100,0,100
"2624",771.5,125,0,0,1,1,36,9,6,72,9,100,0,100
"2625",662,109.4,0,0,1,1,55,4,3,88,2,100,0,100
"2626",732.5,112.8,0,0,1,1,30,44,0,55,1,10,0,96
"2627",664,105.3,0,0,1,1,20,0,0,100,0,0,100,86
"2628",605.5,99.1,0,0,1,1,33,0,0,100,0,0,100,100
"2629",596,102.4,0,0,1,1,26,1,0,98,0,0,100,100
"2630",703,103.4,0,0,1,1,16,1,0,99,0,0,100,100
"2631",598.5,101.3,0,0,1,1,23,1,0,99,0,0,100,99
"2632",767.5,109.3,0,0,1,1,6,0,0,98,2,0,100,100
"2633",630.5,103.8,0,0,1,1,18,2,0,98,0,0,100,100
"2634",585.5,102,0,0,1,1,27,1,0,99,0,0,100,100
"2635",586,102.8,0,0,1,1,24,0,1,98,0,0,100,100
"2636",648.5,100.6,0,0,1,1,21,0,0,99,1,0,100,100
"2637",639.5,102.4,0,0,1,1,22,1,0,99,0,0,100,100
"2638",684.5,111.3,0,0,1,1,20,1,0,98,1,0,0,100
"2639",640,109.8,0,0,1,1,22,1,0,98,1,0,0,100
"2640",621,104.8,0,0,1,1,24,31,0,69,0,0,0,100
"2641",723,100.3,0,1,1,1,29,1,0,99,0,0,0,97
"2642",805.5,143.5,0,1,1,1,8,40,4,44,8,0,0,63
"2643",920,185.3,0,1,1,1,31,9,17,31,40,100,0,43
"2644",771.5,106.6,0,1,1,1,58,1,0,99,0,71,0,97
"2645",NA,117,0,1,1,1,16,1,0,95,2,0,100,68
"2646",796,119.8,0,1,1,1,8,1,0,96,1,0,100,80
"2647",841,125.1,0,1,1,1,28,0,0,98,2,100,0,98
"2648",847.5,126.3,0,1,1,1,27,0,0,99,1,100,0,97
"2649",NA,NA,0,1,1,1,NA,100,NA,NA,NA,0,0,NA
"2650",899,120.6,0,1,1,1,29,0,3,90,2,73,0,95
"2651",739,112.5,0,1,1,1,11,1,0,99,0,0,100,91
"2652",732.5,117.3,0,1,1,1,10,4,1,86,1,0,0,91
"2653",738.5,113.8,0,1,1,1,16,0,0,98,2,0,0,94
"2654",886,189.2,0,1,1,1,6,1,2,28,65,100,0,22
"2655",674.5,99.6,0,1,1,1,20,9,0,87,4,0,100,87
"2656",759,156.6,0,1,1,1,10,6,0,56,29,0,0,55
"2657",860.5,105,0,1,1,1,40,1,0,98,0,53,0,94
"2658",707,102,0,1,1,1,20,0,3,96,1,0,100,89
"2659",759,105.3,0,1,1,1,24,3,1,93,1,0,100,94
"2660",677.5,120.2,0,1,1,1,48,0,0,98,1,100,0,97
"2661",880.5,112.5,0,1,1,1,40,3,2,90,2,85,0,94
"2662",878,126.9,0,1,1,1,35,1,1,98,0,100,0,96
"2663",674.5,114.8,0,1,1,1,19,31,0,66,1,0,0,86
"2664",611,117.2,0,1,1,1,19,48,0,50,0,0,0,76
"2665",773.5,111.2,0,1,1,1,55,0,0,98,1,100,0,87
"2666",866,146.3,0,0,1,1,14,7,48,41,0,0,0,76
"2667",705,136.2,0,0,1,1,7,6,5,63,18,0,100,64
"2668",625.5,103.7,0,0,1,1,17,4,0,90,3,0,100,75
"2669",717.5,106.7,0,0,1,1,13,3,0,95,1,0,100,85
"2670",669.5,110,0,0,1,1,23,4,0,93,2,0,100,70
"2671",597.5,105.9,0,0,1,1,19,5,0,93,2,0,100,73
"2672",654.5,108.3,0,0,1,1,19,1,3,93,0,0,100,71
"2673",737.5,109.8,0,0,1,1,13,-1,3,92,1,0,100,78
"2674",641.5,104.9,0,0,1,1,22,3,1,90,2,0,100,81
"2675",679.5,100.3,0,0,1,1,28,5,0,94,0,0,0,90
"2676",687.5,101.6,0,0,1,1,30,2,0,98,0,0,0,83
"2677",554,103,0,0,1,1,31,10,0,90,0,0,100,62
"2678",551.5,102.4,0,0,1,1,36,13,0,87,0,0,100,70
"2679",594,99.3,0,0,1,1,26,10,0,90,0,0,100,84
"2680",535,98.4,0,0,1,1,30,5,0,94,1,0,100,67
"2681",569,101.4,0,0,1,1,27,6,0,93,1,0,100,76
"2682",562.5,95.2,0,0,1,1,26,10,0,90,0,0,100,77
"2683",677,123.8,0,0,1,1,7,26,1,61,2,0,66,71
"2684",697,104.3,0,1,1,1,24,6,0,94,0,0,100,92
"2685",770,104.4,0,1,1,1,35,10,0,89,1,86,0,92
"2686",750,102.3,0,1,1,1,41,11,0,89,0,85,0,96
"2687",774.5,111.2,0,1,1,1,41,13,0,87,0,74,0,96
"2688",761,114.9,0,1,1,1,61,0,0,100,0,100,0,100
"2689",782.5,119.3,0,1,1,1,39,2,0,89,1,56,0,93
"2690",582.5,100.2,0,1,1,1,30,20,0,79,1,0,100,89
"2691",721,106.2,0,1,1,1,14,30,0,69,1,0,100,84
"2692",699.5,118.6,0,1,1,1,11,1,2,94,0,0,100,80
"2693",957.5,184.6,0,0,1,1,4,7,26,25,35,100,0,24
"2694",714,119.6,0,1,1,1,27,34,0,65,1,100,0,95
"2695",777,134.4,0,1,1,1,19,60,0,39,0,100,0,88
"2696",688,132.9,0,0,1,1,13,25,2,66,5,0,100,84
"2697",530,109.4,0,0,1,1,25,2,8,89,0,0,100,100
"2698",706,105.3,0,0,1,1,19,1,0,97,1,0,0,100
"2699",687,117.1,0,0,1,1,22,2,4,80,7,0,100,72
"2700",708,136.5,0,1,1,1,10,61,0,39,0,100,0,88
"2701",863,174.5,0,1,1,1,3,28,3,23,41,0,0,29
"2702",809,179.2,0,1,1,1,34,7,10,41,40,100,0,57
"2703",644,117.9,0,1,1,1,21,21,0,78,1,0,100,85
"2704",740,98.7,0,0,1,1,41,7,0,93,0,100,0,89
"2705",900,190.9,0,0,1,1,4,35,14,16,34,100,0,32
"2706",714,116.4,0,0,1,1,38,1,0,98,1,81,0,84
"2707",766,113,0,0,1,1,32,1,0,98,1,100,0,84
"2708",650,101.6,0,0,1,1,45,15,0,85,0,100,0,85
"2709",698,102.8,0,0,1,1,42,16,0,83,1,89,0,84
"2710",673,107.1,0,0,1,1,48,4,0,96,0,82,0,84
"2711",757,107.8,0,0,1,1,52,1,3,91,1,100,0,83
"2712",649,110.2,0,0,1,1,19,0,0,100,0,0,0,85
"2713",747,110.7,0,0,1,1,18,0,0,100,0,0,0,81
"2714",604,106.7,0,0,1,1,31,0,0,99,1,0,100,87
"2715",520,102,0,0,1,1,29,13,0,87,0,0,100,86
"2716",488,102.5,0,0,1,1,30,18,1,81,0,0,100,80
"2717",482,105.1,0,0,1,1,26,23,0,77,0,0,100,72
"2718",662,97.8,0,0,1,1,30,0,0,100,0,0,100,84
"2719",752,105.8,0,0,1,1,15,0,0,100,0,0,100,90
"2720",682,99.6,0,0,1,1,28,1,0,99,0,0,100,85
"2721",601,117.9,0,0,1,1,22,1,0,98,1,0,100,76
"2722",575,112.1,0,0,1,1,19,1,0,97,2,0,100,70
"2723",546,101.8,0,0,1,1,20,30,0,69,0,0,100,70
"2724",547,104.8,0,0,1,1,23,27,0,73,0,0,100,70
"2725",825,112.7,0,0,1,1,29,2,0,97,1,61,0,88
"2726",831,121.1,0,0,1,1,21,3,1,90,4,69,0,85
"2727",924,187.6,0,0,1,1,6,5,47,11,34,69,0,11
"2728",697,139.8,0,0,1,1,5,12,3,49,2,0,100,57
"2729",749,150.1,0,0,1,1,5,9,3,37,2,0,100,55
"2730",599,112.2,1,0,1,1,23,8,0,80,11,0,87,80
"2731",481.5,96.1,1,0,1,1,48,0,3,93,3,0,100,61
"2732",413.5,103.9,1,0,1,1,34,13,0,82,2,0,100,69
"2733",593,111.7,1,0,1,1,10,65,0,33,0,0,100,81
"2734",521,106.4,1,0,1,1,19,41,0,57,1,0,100,65
"2735",666,110.1,1,0,1,1,20,23,0,77,0,0,100,67
"2736",534,98.2,1,0,1,1,26,0,0,99,1,0,100,63
"2737",455.5,96,1,0,1,1,29,1,2,95,0,0,100,73
"2738",524.5,106.6,1,0,1,1,28,9,0,88,3,0,96,82
"2739",674.5,109.5,0,0,1,1,16,2,0,95,1,0,100,72
"2740",510,91.1,1,0,1,1,30,19,0,80,1,0,95,82
"2741",626,118.1,1,0,1,1,12,4,1,85,10,0,100,73
"2742",657.5,123.6,1,0,1,1,19,14,0,71,13,0,100,67
"2743",641.5,116.3,1,0,1,1,21,4,0,71,19,0,100,44
"2744",698,108.2,0,0,1,1,21,1,0,98,1,0,100,80
"2745",658,101.2,0,0,1,1,31,2,4,89,1,0,100,100
"2746",533,97.4,1,0,1,1,27,4,0,85,10,0,100,74
"2747",409.5,103.6,1,0,1,1,20,27,0,73,0,0,100,60
"2748",728,119.6,0,0,1,1,14,8,2,81,7,0,100,86
"2749",775.5,120.1,0,0,1,1,10,20,0,71,8,26,0,77
"2750",810,132.9,0,0,1,1,15,34,2,59,3,78,0,71
"2751",561,109.6,1,0,1,1,18,21,2,72,3,0,100,45
"2752",518.5,102,1,0,1,1,32,2,0,95,3,0,100,75
"2753",553.5,95.3,1,0,1,1,37,5,0,91,4,0,100,59
"2754",583.5,102.5,1,0,1,1,21,0,1,92,6,0,100,78
"2755",NA,80,1,0,1,1,50,25,0,50,25,0,100,0
"2756",450.5,106.2,1,0,1,1,33,0,0,95,5,0,100,52
"2757",518.5,101.9,1,0,1,1,26,6,1,88,4,0,100,64
"2758",685.5,99.4,1,0,1,1,35,7,0,92,0,0,100,80
"2759",695,111.9,0,0,1,1,23,6,3,84,5,0,100,73
"2760",504,96.5,1,0,1,1,43,0,0,100,0,0,100,84
"2761",561.5,101.1,1,0,1,1,33,2,1,89,3,0,100,68
"2762",588,109.2,1,0,1,1,13,20,1,71,6,0,100,66
"2763",683,132.5,0,0,1,1,8,14,3,53,3,0,100,63
"2764",442,101,1,0,1,1,25,2,1,93,2,0,100,46
"2765",493,115.4,1,0,1,1,24,8,2,69,19,0,100,75
"2766",893,130.6,1,0,1,1,63,3,3,71,13,0,100,65
"2767",887,121.7,1,0,1,1,77,10,4,79,1,0,51,77
"2768",442,113.1,1,0,1,1,18,4,2,81,7,0,100,79
"2769",501,100,1,0,1,1,13,6,0,88,4,0,100,62
"2770",717.5,136.6,0,0,1,1,10,9,10,55,21,0,100,56
"2771",830,152.3,0,0,1,1,12,5,9,39,44,39,27,64
"2772",608,122.3,1,0,1,1,15,7,6,82,5,0,100,71
"2773",798.5,131.8,0,0,1,1,15,5,13,63,15,0,100,67
"2774",637.5,107.7,1,0,1,1,16,11,1,85,3,0,100,75
"2775",483.5,104.5,1,0,1,1,22,60,0,40,0,0,100,75
"2776",539.5,92.1,1,0,1,1,35,11,0,89,0,0,100,66
"2777",613.5,105.5,1,0,1,1,36,0,0,100,0,0,100,70
"2778",579.5,107.9,1,0,1,1,27,0,0,100,0,0,100,88
"2779",558,120.4,0,0,1,1,8,72,0,28,0,0,100,61
"2780",633,129.9,1,0,1,1,12,15,2,60,23,0,100,67
"2781",505,124.3,1,0,1,1,8,17,1,64,4,0,100,55
"2782",571.5,110.8,1,0,1,1,15,1,1,92,5,0,100,64
"2783",410.5,109.3,1,0,1,1,21,7,0,91,1,0,100,62
"2784",618,116.3,0,0,1,1,16,50,1,48,1,0,100,63
"2785",623,124,1,0,1,1,19,23,3,71,3,0,100,65
"2786",774.5,147.5,0,0,1,1,7,1,7,59,10,0,63,66
"2787",836,160.1,0,0,1,1,3,8,13,27,47,0,100,20
"2788",471,108.3,1,0,1,1,37,0,0,100,0,0,100,92
"2789",902.5,169.6,0,0,1,1,1,14,24,30,29,0,49,51
"2790",821,118.4,0,0,1,1,7,6,26,57,2,0,100,100
"2791",881,128.7,0,0,1,1,14,0,1,90,6,58,0,100
"2792",751.5,133.2,0,0,1,1,12,16,17,55,8,0,100,75
"2793",749.5,108.7,0,0,1,1,17,2,2,91,2,0,100,100
"2794",789.5,122.2,0,0,1,1,2,51,0,49,0,0,100,84
"2795",702.5,110.4,0,0,1,1,16,1,3,90,1,0,100,73
"2796",602.5,99,0,0,1,1,32,10,0,90,0,0,100,68
"2797",893.5,165.6,0,0,1,1,2,6,13,34,40,20,42,49
"2798",637,114.6,0,0,1,1,16,22,4,70,1,0,100,68
"2799",712,107.6,0,0,1,1,18,1,0,98,1,0,100,100
"2800",881,169.6,0,1,1,1,3,4,17,39,28,0,100,41
"2801",705.5,122.2,0,0,1,1,16,4,2,61,30,0,100,74
"2802",734.5,139.1,0,0,1,1,8,27,4,52,16,0,100,57
"2803",757.5,127.7,0,0,1,1,13,11,3,69,13,0,100,71
"2804",662,102.4,0,0,1,1,23,1,0,99,0,0,100,100
"2805",595,96.5,0,0,1,1,35,9,0,91,0,0,100,100
"2806",612,98,0,0,1,1,26,17,0,82,1,0,100,100
"2807",690,106.5,0,0,1,1,20,0,25,74,0,0,100,100
"2808",531,106,0,1,1,1,21,43,0,54,1,0,100,78
"2809",645.5,111.6,0,0,1,1,25,10,6,81,1,0,100,69
"2810",610,106.5,0,0,1,1,30,18,0,81,1,0,100,76
"2811",748,130.5,0,0,1,1,14,2,10,62,12,0,100,67
"2812",841.5,132.4,1,0,1,1,34,7,6,52,30,0,87,62
"2813",690.5,107.8,0,0,1,1,22,5,2,86,3,0,100,100
"2814",701.5,126.2,0,0,1,1,11,20,3,62,5,0,100,61
"2815",774,127.7,0,0,1,1,13,4,7,70,16,0,100,73
"2816",503.5,97.7,1,0,1,1,38,0,0,99,0,0,88,100
"2817",750,121.7,0,0,1,1,16,7,4,74,12,0,100,64
"2818",572.5,101.4,0,0,1,1,27,0,0,100,0,0,100,100
"2819",673.5,103.6,0,0,1,1,19,1,0,97,1,0,100,100
"2820",716.5,121,0,0,1,1,7,7,2,70,18,0,100,57
"2821",701,111.6,0,0,1,1,19,1,0,99,0,0,100,89
"2822",693,110.8,0,0,1,1,16,4,0,94,2,0,100,72
"2823",788.5,152.5,0,0,1,1,8,12,7,34,42,0,100,60
"2824",748.5,133,0,0,1,1,9,22,8,58,9,0,100,78
"2825",764.5,133.1,0,0,1,1,16,5,14,62,11,0,100,100
"2826",729.5,121.7,0,0,1,1,13,9,7,69,13,0,100,60
"2827",747,131.5,0,0,1,1,11,3,4,57,32,0,100,67
"2828",585,115.9,0,0,1,1,17,52,0,46,0,0,100,82
"2829",703,146,0,0,1,1,2,72,2,16,7,0,100,47
"2830",761,126.6,1,0,1,1,72,13,7,72,3,0,100,67
"2831",650.5,111.2,0,0,1,1,16,1,4,93,1,0,100,76
"2832",718,128.1,0,0,1,1,11,3,3,78,10,0,100,60
"2833",844.5,125.6,0,0,1,1,2,1,9,80,7,0,100,100
"2834",NA,109,1,0,1,1,24,34,1,32,29,0,100,16
"2835",522.5,104.2,1,0,1,1,37,26,0,74,0,0,100,66
"2836",857,178,0,1,1,1,3,15,9,24,50,0,100,34
"2837",389,112.6,1,0,1,1,28,30,1,63,4,0,88,74
"2838",624,119.1,1,0,1,1,15,17,1,72,8,1,85,47
"2839",704,105.4,0,1,1,1,21,3,1,95,1,0,41,90
"2840",394.5,108.6,1,0,1,1,26,23,0,69,6,0,66,77
"2841",822,117.9,0,0,1,1,37,2,23,75,0,86,0,100
"2842",766.5,119.3,0,0,1,1,40,0,2,92,3,82,0,100
"2843",736.5,110.7,0,0,1,1,42,2,6,87,2,100,0,100
"2844",835.5,130.8,0,0,1,1,19,1,2,87,3,91,0,100
"2845",776.5,104.8,0,0,1,1,35,17,0,82,1,100,0,100
"2846",814.5,158.4,0,0,1,1,4,86,0,13,1,100,0,70
"2847",832.5,125.1,0,0,1,1,20,21,3,68,1,100,0,100
"2848",808.5,130.6,0,0,1,1,38,4,2,80,8,100,0,100
"2849",856,158.8,0,0,1,1,16,9,18,42,23,100,0,55
"2850",695,125.3,0,0,1,1,18,49,0,51,0,100,0,100
"2851",797,109.4,0,0,1,1,33,1,2,95,0,93,0,100
"2852",743.5,144.8,0,0,1,1,3,88,1,8,0,81,0,78
"2853",809,115,0,0,1,1,16,3,0,93,2,79,0,100
"2854",888,157.1,0,0,1,1,10,4,5,43,46,100,0,56
"2855",765.5,114,0,0,1,1,39,-1,3,95,1,100,0,100
"2856",750.5,111.2,0,0,1,1,45,15,2,80,2,100,0,74
"2857",779,116.9,0,0,1,1,26,1,1,92,3,100,0,95
"2858",757.5,99.5,0,0,1,1,43,4,0,96,0,100,0,94
"2859",794.5,131.4,0,0,1,1,25,1,4,74,7,80,0,74
"2860",807,133.3,0,0,1,1,12,64,1,35,0,81,0,99
"2861",866,144.9,0,0,1,1,2,78,1,19,0,100,0,71
"2862",818,126.5,0,0,1,1,17,8,1,84,4,86,0,100
"2863",771,105.4,0,0,1,1,26,10,1,85,3,85,0,99
"2864",782.5,113.1,0,0,1,1,38,4,2,86,5,100,0,99
"2865",751,121.8,0,0,1,1,31,3,1,94,1,100,0,85
"2866",928.5,178.5,0,0,1,1,5,8,21,25,39,100,0,22
"2867",895.5,132.7,0,0,1,1,23,5,3,64,28,100,0,61
"2868",722.5,95.1,0,0,1,1,36,1,0,99,0,100,0,100
"2869",832.5,123.5,0,0,1,1,26,3,5,80,11,100,0,100
"2870",738.5,119.6,0,0,1,1,45,8,10,74,4,100,0,100
"2871",804.5,136.7,0,0,1,1,14,11,4,46,5,100,0,73
"2872",849.5,129,0,0,1,1,19,8,8,71,11,100,0,100
"2873",753,129.7,0,0,1,1,21,23,3,64,5,100,0,79
"2874",745,110.8,0,0,1,1,41,0,0,99,0,83,0,100
"2875",844.5,143,0,0,1,1,21,22,11,53,10,100,0,79
"2876",700,114.4,0,0,1,1,44,1,2,97,0,100,0,100
"2877",794,116.9,0,0,1,1,17,2,0,90,3,100,0,87
"2878",784.5,156.4,0,0,1,1,3,90,1,5,1,100,0,72
"2879",883.5,152.1,0,0,1,1,20,11,18,62,7,100,0,100
"2880",785.5,122.6,0,0,1,1,35,7,4,78,9,100,0,87
"2881",822.5,109.3,0,0,1,1,23,1,0,99,0,62,0,84
"2882",850,135.4,0,0,1,1,14,1,0,98,1,100,0,100
"2883",769.5,130.4,0,0,1,1,22,1,2,88,3,88,0,100
"2884",740,111.1,0,0,1,1,33,19,0,80,0,100,0,100
"2885",865,150.9,0,0,1,1,29,11,5,59,22,100,0,99
"2886",810,118,0,0,1,1,46,1,2,87,5,100,0,89
"2887",722,117.1,0,0,1,1,30,3,1,92,2,83,0,75
"2888",772.5,117.3,0,0,1,1,23,14,2,81,3,100,0,100
"2889",865.5,138.4,0,0,1,1,41,3,36,54,1,100,0,100
"2890",882.5,178.1,0,1,1,1,4,12,6,16,62,100,0,21
"2891",845.5,158.5,0,0,1,1,12,9,12,50,20,100,0,55
"2892",806,146.5,0,0,1,1,12,15,7,47,26,100,0,62
"2893",734,114.7,0,0,1,1,42,1,0,98,1,100,0,100
"2894",895.5,183.1,0,0,1,1,12,16,5,15,61,100,0,26
"2895",755.5,109,0,0,1,1,43,3,2,89,3,100,0,100
"2896",818.5,122.9,0,0,1,1,37,3,7,81,5,100,0,100
"2897",803.5,129.9,0,0,1,1,22,1,6,85,3,100,0,100
"2898",974.5,192,0,1,1,1,1,6,7,7,77,100,0,1
"2899",861,140.2,0,0,1,1,23,7,7,56,22,100,0,74
"2900",837.5,149.7,0,0,1,1,9,9,3,45,4,63,0,55
"2901",942.5,195.5,0,1,1,1,4,4,8,8,78,100,0,8
"2902",851.5,137.5,0,0,1,1,8,6,2,57,3,100,0,70
"2903",797.5,145,0,0,1,1,19,46,10,32,10,88,0,68
"2904",863,131.6,0,0,1,1,44,5,71,22,2,100,0,100
"2905",897.5,173.5,0,0,1,1,12,18,7,32,41,100,0,32
"2906",802.5,134.5,0,0,1,1,20,10,1,72,3,100,0,84
"2907",779.5,129.1,0,0,1,1,8,69,0,28,0,100,0,100
"2908",861.5,144.9,0,0,1,1,17,7,3,52,32,100,0,65
"2909",877,122.7,0,0,1,1,22,16,15,65,1,100,0,79
"2910",802,122.2,0,0,1,1,38,10,11,67,9,94,0,71
"2911",761,124,0,0,1,1,47,1,5,88,2,100,0,100
"2912",842,149.2,0,0,1,1,12,12,11,42,26,100,0,53
"2913",845,141.5,0,0,1,1,19,6,1,56,32,78,0,73
"2914",781,116.6,0,0,1,1,36,14,0,85,1,100,0,100
"2915",787,146.3,0,0,1,1,3,90,0,9,1,100,0,75
"2916",813,121.7,0,0,1,1,19,2,10,88,0,100,0,100
"2917",852.5,140.4,0,0,1,1,12,3,2,90,2,79,0,100
"2918",955,197.1,0,0,1,1,12,10,41,18,26,100,0,23
"2919",919,175.9,0,0,1,1,5,17,11,19,49,100,0,21
"2920",782.5,112.1,0,0,1,1,45,3,1,91,3,100,0,88
"2921",835.5,115.9,0,0,1,1,37,3,1,86,8,100,0,91
"2922",930.5,179.9,0,1,1,1,8,7,7,26,57,100,0,32
"2923",679.5,115.9,0,0,1,1,25,59,0,40,0,100,0,66
"2924",853,127.2,0,0,1,1,33,7,9,70,1,100,0,83
"2925",733.5,107.1,0,0,1,1,33,27,0,73,0,100,0,100
"2926",751.5,114.7,0,0,1,1,34,0,0,97,3,100,0,100
"2927",787,110.9,0,0,1,1,31,5,2,88,3,100,0,100
"2928",834.5,176.5,0,0,1,1,0,81,2,4,11,95,0,44
"2929",827.5,136.3,0,0,1,1,15,51,1,46,2,100,0,84
"2930",840,145.7,0,0,1,1,2,5,4,59,27,90,0,44
"2931",730,102.1,0,0,1,1,32,1,0,99,0,79,0,100
"2932",854,157,0,0,1,1,8,1,6,58,18,82,0,51
"2933",853.5,143.5,0,0,1,1,15,6,2,73,14,100,0,73
"2934",890.5,172.4,0,0,1,1,6,6,11,38,35,100,0,35
"2935",807,131.6,0,0,1,1,34,3,5,84,1,100,0,100
"2936",849,161.8,0,1,1,1,11,4,11,48,30,100,0,44
"2937",812.5,144.4,0,0,1,1,16,18,10,44,1,100,0,62
"2938",908,165.2,0,0,1,1,8,2,5,53,10,82,0,64
"2939",839.5,135.3,0,0,1,1,28,14,17,63,3,100,0,76
"2940",899,175.9,0,1,1,1,7,11,5,18,64,100,0,23
"2941",828.5,138.3,0,0,1,1,9,6,12,57,3,100,0,69
"2942",793.5,124,0,0,1,1,17,7,3,81,2,100,0,100
"2943",878,131.8,0,0,1,1,21,0,20,70,2,83,0,83
"2944",677,133.1,0,0,1,1,10,74,0,24,0,100,0,85
"2945",817.5,115.4,0,0,1,1,41,1,1,97,1,100,0,83
"2946",881,166.4,0,0,1,1,10,2,11,50,17,75,0,57
"2947",742.5,109.7,0,0,1,1,41,1,0,99,0,100,0,100
"2948",751,116.3,0,0,1,1,40,1,1,96,2,100,0,100
"2949",900,172.1,0,1,1,1,10,5,6,34,50,100,0,33
"2950",821,120.3,0,0,1,1,25,0,2,98,0,83,0,100
"2951",722,110.7,0,0,1,1,27,1,0,98,1,31,40,100
"2952",822,131.4,0,0,1,1,17,0,4,83,8,85,0,98
"2953",826,151.2,0,0,1,1,24,9,4,51,34,100,0,63
"2954",946,181.1,0,1,1,1,3,9,7,24,55,100,0,28
"2955",797.5,131.3,0,0,1,1,31,5,2,67,24,100,0,100
"2956",833,112.3,0,0,1,1,17,15,5,70,8,100,0,84
"2957",712.5,121.5,0,0,1,1,35,1,0,98,0,100,0,99
"2958",753.5,105.7,0,0,1,1,30,0,0,98,1,82,0,100
"2959",818.5,116.5,0,0,1,1,33,1,1,94,3,100,0,91
"2960",958.5,208.2,0,0,1,1,4,4,20,4,70,100,0,9
"2961",712.5,119.6,0,0,1,1,39,0,5,93,1,100,0,100
"2962",811.5,117.3,0,1,1,1,24,8,1,88,1,100,0,89
"2963",752.5,107.3,0,0,1,1,51,3,1,94,2,100,0,100
"2964",819.5,106,0,0,1,1,21,7,3,85,2,100,0,100
"2965",746.5,140.9,0,0,1,1,5,79,2,15,0,100,0,100
"2966",704,118.1,0,0,1,1,24,46,0,54,0,100,0,100
"2967",684.5,110,0,0,1,1,42,20,0,80,0,100,0,82
"2968",749,113.3,0,0,1,1,32,23,0,77,0,100,0,81
"2969",745.5,104.6,0,0,1,1,41,3,0,96,1,100,0,100
"2970",750,116.5,0,0,1,1,32,1,0,99,0,80,0,100
"2971",744,103.4,0,0,1,1,33,1,4,92,0,83,0,100
"2972",811.5,104.9,0,0,1,1,31,1,0,99,0,80,0,100
"2973",784.5,106.6,0,0,1,1,37,1,0,99,0,81,0,100
"2974",692.5,103.2,0,0,1,1,42,8,0,92,0,100,0,84
"2975",634.5,126.1,0,0,1,1,7,69,0,28,2,100,0,87
"2976",796.5,117.4,0,0,1,1,32,1,0,99,0,100,0,100
"2977",915,180.1,0,0,1,1,9,3,11,29,52,100,0,37
"2978",773,109.7,0,0,1,1,30,2,1,95,1,100,0,73
"2979",831,118.6,0,0,1,1,34,4,5,81,7,100,0,100
"2980",799,116.7,0,0,1,1,31,1,7,80,7,100,0,100
"2981",796,112.1,0,0,1,1,45,6,3,88,1,100,0,100
"2982",867.5,164.2,0,0,1,1,26,6,5,22,67,85,0,53
"2983",819,114.9,0,0,1,1,21,3,3,90,1,80,0,100
"2984",794.5,118,0,0,1,1,35,1,17,81,0,100,0,100
"2985",771.5,120.1,0,0,1,1,39,7,2,80,7,100,0,100
"2986",880.5,155.6,0,1,1,1,10,8,13,44,30,100,0,52
"2987",745.5,109.6,0,0,1,1,52,0,2,95,0,81,0,91
"2988",834,134.3,0,0,1,1,20,2,8,71,8,100,0,76
"2989",745.5,119.5,0,0,1,1,17,5,3,90,2,56,0,100
"2990",824,138.6,0,0,1,1,13,1,2,82,7,79,0,79
"2991",768,117.3,0,0,1,1,34,1,0,95,2,100,0,100
"2992",721.5,106.7,0,0,1,1,44,3,0,96,0,81,0,100
"2993",833,145.1,0,0,1,1,16,6,7,58,23,100,0,71
"2994",790,111.9,0,0,1,1,43,8,2,83,6,100,0,82
"2995",786,123.7,0,0,1,1,36,6,6,69,16,84,0,100
"2996",722.5,108.8,0,0,1,1,34,31,0,69,0,100,0,100
"2997",768.5,115.3,0,0,1,1,29,1,0,96,2,100,0,100
"2998",749.5,123.6,0,0,1,1,52,-1,20,80,0,100,0,100
"2999",831,103.7,0,0,1,1,33,1,0,97,2,100,0,89
"3000",784,103.9,0,0,1,1,32,1,0,99,0,100,0,100
"3001",832.5,128.9,0,0,1,1,19,6,8,75,4,100,0,84
"3002",869.5,158.8,0,1,1,1,20,13,9,36,32,100,0,48
"3003",755,105.8,0,0,1,1,31,1,0,99,0,80,0,100
"3004",916.5,188.6,0,0,1,1,15,11,52,10,25,100,0,17
"3005",818,123.2,0,0,1,1,31,9,4,81,3,100,0,100
"3006",839,127.9,0,0,1,1,18,3,2,87,6,100,0,74
"3007",701,106.6,0,0,1,1,40,0,1,99,0,82,0,99
"3008",704,107.2,0,0,1,1,43,4,3,89,3,100,0,90
"3009",835.5,139.6,0,0,1,1,15,4,3,72,16,100,0,67
"3010",824.5,101.1,0,0,1,1,26,3,0,96,0,100,0,86
"3011",907.5,167.4,0,1,1,1,4,5,15,15,61,100,0,24
"3012",772,116.9,0,0,1,1,46,4,3,85,5,100,0,100
"3013",788.5,112.3,0,0,1,1,26,0,0,99,0,100,0,100
"3014",817,121.8,0,0,1,1,27,1,1,95,2,100,0,82
"3015",699.5,113.9,0,0,1,1,33,47,0,53,0,100,0,100
"3016",746.5,116,0,0,1,1,33,2,8,88,2,100,0,100
"3017",815,110.8,0,0,1,1,42,2,11,86,0,100,0,100
"3018",701,99.3,0,0,1,1,32,14,4,82,0,83,0,100
"3019",685.5,103,0,0,1,1,40,7,0,93,0,100,0,86
"3020",799.5,108.2,0,0,1,1,62,0,2,97,0,100,0,92
"3021",798,118,0,0,1,1,29,2,0,97,1,100,0,80
"3022",757,111.1,0,0,1,1,40,1,0,99,0,100,0,100
"3023",733.5,115.2,0,0,1,1,31,2,2,95,1,82,0,100
"3024",687,114.9,0,0,1,1,33,38,0,62,0,100,0,100
"3025",947,191,0,0,1,1,3,5,16,15,60,100,0,13
"3026",897.5,171.2,0,1,1,1,1,5,11,29,46,100,0,34
"3027",953,210.7,0,1,1,1,2,4,11,6,77,100,0,5
"3028",885,178.1,0,0,1,1,5,32,8,27,29,100,0,27
"3029",907,162.2,0,0,1,1,11,9,8,46,31,100,0,48
"3030",810.5,114,0,0,1,1,44,2,1,83,13,100,0,100
"3031",858.5,144.2,0,1,1,1,12,11,6,55,19,100,0,52
"3032",641,120.2,0,0,1,1,16,67,0,33,0,100,0,99
"3033",957,205.9,0,0,1,1,3,-1,6,5,87,100,0,6
"3034",739.5,99.8,0,0,1,1,49,2,0,96,1,100,0,100
"3035",810,128.2,0,0,1,1,28,9,5,77,6,100,0,100
"3036",776.5,131.8,0,0,1,1,35,5,3,84,3,100,0,81
"3037",737.5,119.4,0,0,1,1,24,-1,3,94,1,79,0,100
"3038",772.5,142.3,0,0,1,1,18,14,5,49,28,41,0,72
"3039",778.5,145.4,0,0,1,1,5,86,1,12,1,100,0,58
"3040",806.5,131.8,0,0,1,1,9,12,1,67,14,86,0,77
"3041",879.5,125.2,0,0,1,1,17,7,2,79,9,100,0,79
"3042",781.5,114.4,0,0,1,1,24,0,0,99,1,100,0,88
"3043",779.5,118.2,0,0,1,1,40,2,3,89,2,100,0,100
"3044",769,112,0,0,1,1,31,0,0,100,0,80,0,93
"3045",762.5,118.4,0,0,1,1,37,3,6,80,6,100,0,100
"3046",871,166.6,0,1,1,1,8,3,12,24,58,100,0,20
"3047",781,113.4,0,0,1,1,31,4,2,81,1,78,0,100
"3048",743.5,109.2,0,0,1,1,29,1,7,90,1,60,0,100
"3049",789,93.8,0,0,1,1,45,1,0,99,0,100,0,100
"3050",893,149.5,0,0,1,1,9,10,7,54,13,100,0,59
"3051",733,114.8,0,0,1,1,32,1,0,99,0,100,0,100
"3052",735.5,111.9,0,0,1,1,39,2,2,96,0,100,0,100
"3053",827.5,145.3,0,0,1,1,11,5,10,59,19,100,0,66
"3054",803,141.6,0,0,1,1,30,1,7,49,41,86,0,76
"3055",839,155.3,0,0,1,1,4,64,2,20,12,100,0,68
"3056",737.5,90,0,0,1,1,53,1,0,99,0,82,0,100
"3057",742,103,0,0,1,1,47,8,0,91,0,100,0,99
"3058",758,108.5,0,0,1,1,34,0,0,100,0,83,0,100
"3059",773,110.3,0,0,1,1,38,20,0,80,0,89,0,100
"3060",701.5,117.4,0,0,1,1,14,59,0,38,1,100,0,100
"3061",917,193.4,0,0,1,1,5,9,17,20,52,100,0,16
"3062",794.5,113.2,0,0,1,1,29,1,0,99,0,83,0,100
"3063",931.5,205.4,0,0,1,1,1,6,6,10,76,100,0,11
"3064",797,115.3,0,0,1,1,37,12,1,87,0,100,0,83
"3065",843.5,134.8,0,0,1,1,16,6,8,56,18,100,0,72
"3066",774.5,120.9,0,0,1,1,22,5,3,83,0,80,0,83
"3067",723.5,111.2,0,0,1,1,42,18,0,82,0,80,0,100
"3068",883,160.5,0,0,1,1,13,6,17,46,26,100,0,69
"3069",775.5,127.8,0,0,1,1,32,6,7,80,6,100,0,73
"3070",768,102.7,0,0,1,1,41,19,0,80,0,100,0,85
"3071",744,115.3,0,0,1,1,44,7,2,83,3,100,0,77
"3072",728,123.4,0,0,1,1,30,1,2,88,6,84,0,78
"3073",778,103.6,0,0,1,1,32,0,0,100,0,79,0,86
"3074",785.5,112.4,0,0,1,1,49,1,0,99,0,100,0,88
"3075",692,108.6,0,0,1,1,42,1,0,99,0,80,0,89
"3076",830,157.6,0,0,1,1,23,3,5,38,53,100,0,68
"3077",796,113,0,0,1,1,49,2,1,96,1,100,0,100
"3078",750,109.6,0,0,1,1,36,1,1,96,1,84,0,100
"3079",796.5,117.2,0,0,1,1,25,1,0,98,1,100,0,100
"3080",886.5,163.5,0,0,1,1,11,1,7,16,74,100,0,55
"3081",908,184.9,0,0,1,1,1,8,9,41,35,89,0,19
"3082",839,133.4,0,0,1,1,17,1,3,92,2,100,0,100
"3083",731,104.5,0,0,1,1,25,1,0,98,1,80,0,99
"3084",805.5,113.5,0,0,1,1,47,5,2,90,1,100,0,87
"3085",887.5,168.4,0,1,1,1,17,9,3,13,73,100,0,43
"3086",804,129.1,0,0,1,1,28,6,3,81,6,100,0,100
"3087",760,99.7,0,0,1,1,44,4,0,95,1,100,0,89
"3088",852.5,124.1,0,0,1,1,35,2,2,84,8,100,0,81
"3089",758.5,114.4,0,0,1,1,33,32,0,68,0,100,0,100
"3090",791.5,113.2,0,0,1,1,33,25,0,75,0,87,0,100
"3091",812.5,102.7,0,0,1,1,38,8,1,91,0,79,0,100
"3092",721.5,108.6,0,0,1,1,30,32,0,68,0,100,0,88
"3093",816,107.8,0,0,1,1,29,23,0,76,1,84,0,100
"3094",712.5,102,0,0,1,1,38,23,0,77,0,88,0,100
"3095",809.5,109.4,0,0,1,1,39,2,3,91,1,100,0,80
"3096",808,140.4,0,0,1,1,29,15,3,70,11,100,0,80
"3097",737,109.6,0,0,1,1,35,22,0,78,0,100,0,100
"3098",777,115.7,0,0,1,1,28,21,2,71,2,100,0,100
"3099",729,107.4,0,0,1,1,39,3,0,97,0,100,0,85
"3100",788,114.5,0,0,1,1,44,0,1,97,1,100,0,80
"3101",787.5,106.4,0,0,1,1,35,17,1,80,0,100,0,100
"3102",841.5,129.2,0,0,1,1,18,13,7,71,3,100,0,100
"3103",690,108.3,0,0,1,1,37,27,0,72,0,100,0,100
"3104",908.5,149.1,0,0,1,1,8,18,16,55,7,83,0,60
"3105",736.5,125.2,0,0,1,1,29,30,2,64,1,100,0,100
"3106",711.5,106.9,0,0,1,1,41,21,0,79,0,100,0,100
"3107",628.5,102.1,0,0,1,1,35,28,0,72,0,100,0,100
"3108",684.5,103.8,0,0,1,1,41,26,0,74,0,100,0,82
"3109",763.5,118.8,0,0,1,1,24,31,0,69,0,100,0,100
"3110",756.5,112.5,0,0,1,1,35,14,0,84,1,100,0,100
"3111",656,105.6,0,0,1,1,31,31,0,68,0,100,0,100
"3112",829.5,109.1,0,0,1,1,26,19,0,81,0,100,0,100
"3113",799.5,110.4,0,0,1,1,29,1,1,93,3,100,0,100
"3114",952,205.9,0,0,1,1,0,6,21,7,63,100,0,9
"3115",813.5,121.5,0,0,1,1,31,4,2,90,3,100,0,84
"3116",949.5,201.4,0,1,1,1,3,1,10,12,75,100,0,7
"3117",790,107.3,0,0,1,1,44,2,0,97,1,100,0,100
"3118",821.5,140.1,0,0,1,1,32,16,12,61,7,100,0,76
"3119",788,113.6,0,0,1,1,26,1,0,99,0,81,0,100
"3120",951.5,165,0,0,1,1,8,11,12,53,15,100,0,54
"3121",746,97.9,0,0,1,1,36,6,0,94,0,79,0,99
"3122",801.5,117.6,0,0,1,1,29,1,2,91,2,100,0,100
"3123",873.5,156.8,0,0,1,1,7,40,8,30,21,100,0,48
"3124",790,118.3,0,0,1,1,31,1,0,79,17,100,0,88
"3125",785.5,130.1,0,1,1,1,23,1,3,56,33,100,0,72
"3126",897,150,0,0,1,1,17,12,8,59,17,100,0,68
"3127",829.5,114.4,0,0,1,1,54,2,3,84,3,83,0,100
"3128",851.5,147.5,0,0,1,1,2,9,2,53,28,100,0,56
"3129",885,183.9,0,1,1,1,3,5,11,15,64,100,0,15
"3130",805,139.1,0,0,1,1,11,18,5,57,11,89,0,69
"3131",784.5,132.5,0,0,1,1,7,74,1,24,0,100,0,80
"3132",824.5,114.7,0,0,1,1,30,5,1,91,0,100,0,100
"3133",781,117.6,0,0,1,1,47,3,1,82,7,85,0,100
"3134",808.5,125.9,0,0,1,1,31,3,1,78,9,100,0,82
"3135",709.5,109.3,0,0,1,1,21,41,0,57,1,100,0,76
"3136",824,116.7,0,0,1,1,32,1,8,84,3,100,0,100
"3137",845,144,1,0,1,1,53,10,6,60,18,12,19,52
"3138",785.5,137.3,0,0,1,1,23,12,5,73,10,83,0,61
"3139",775.5,113.6,0,0,1,1,27,1,1,95,2,84,0,100
"3140",901,163.1,0,0,1,1,3,19,8,35,32,100,0,51
"3141",757.5,108.6,0,0,1,1,33,17,0,82,1,100,0,100
"3142",865.5,170.8,0,1,1,1,13,10,7,25,55,100,0,32
"3143",825,130.2,0,0,1,1,9,1,1,98,0,83,0,100
"3144",841.5,137.6,0,0,1,1,14,2,6,71,8,79,0,72
"3145",783,111.5,0,0,1,1,37,1,0,96,2,100,0,100
"3146",965.5,200.7,0,0,1,1,1,3,7,2,87,100,0,4
"3147",760.5,120.2,0,0,1,1,32,2,5,81,2,100,0,100
"3148",834.5,156.3,0,0,1,1,17,25,6,41,25,92,0,44
"3149",798,100,0,0,1,1,26,1,0,99,0,100,0,91
"3150",754.5,106.1,0,0,1,1,37,11,0,89,0,79,0,100
"3151",773.5,108.5,0,0,1,1,41,0,0,99,1,100,0,88
"3152",760.5,118.8,0,0,1,1,26,0,0,99,0,100,0,80
"3153",823,146.2,0,0,1,1,19,4,8,77,8,100,0,77
"3154",768,119.1,0,0,1,1,20,1,4,85,2,75,0,80
"3155",813,96.7,0,0,1,1,37,0,0,100,0,100,0,100
"3156",734,115.7,0,0,1,1,25,31,0,67,0,100,0,99
"3157",776,112.4,0,0,1,1,47,1,3,92,4,91,0,99
"3158",800.5,140,0,0,1,1,33,1,4,45,44,100,0,100
"3159",742.5,112.4,0,0,1,1,39,3,0,97,0,74,0,100
"3160",790,124.9,0,0,1,1,38,4,3,85,7,77,0,99
"3161",889.5,178.2,0,1,1,1,8,10,13,18,55,100,0,29
"3162",877.5,150.5,0,0,1,1,5,4,2,60,28,100,0,53
"3163",761.5,93.9,0,0,1,1,32,14,0,86,0,86,0,82
"3164",848,126.4,0,0,1,1,8,71,0,29,0,100,0,83
"3165",796,113.6,0,0,1,1,23,1,1,97,1,100,0,100
"3166",756,111.2,0,0,1,1,43,8,1,88,2,100,0,100
"3167",745,105.2,0,0,1,1,37,2,0,98,0,81,0,100
"3168",874.5,177.8,0,1,1,1,7,13,8,20,56,100,0,24
"3169",834,123.1,0,0,1,1,19,2,5,84,7,100,0,79
"3170",836,136.5,0,0,1,1,11,8,4,63,21,85,0,61
"3171",728.5,125.4,0,0,1,1,19,0,2,96,1,83,0,100
"3172",852.5,119.4,0,0,1,1,15,2,3,91,2,85,0,100
"3173",687.5,115.7,0,0,1,1,39,22,1,76,1,100,0,100
"3174",728,98.8,0,0,1,1,34,18,0,82,0,82,0,86
"3175",770.5,105.6,0,0,1,1,36,16,0,82,1,90,0,100
"3176",757,104.5,0,0,1,1,44,10,0,90,0,80,0,100
"3177",922.5,148.2,0,0,1,1,14,2,54,40,2,84,0,70
"3178",770.5,102.2,0,0,1,1,34,0,0,100,0,83,0,100
"3179",741,101.3,0,0,1,1,38,16,0,84,0,80,0,76
"3180",895,158.4,0,0,1,1,1,6,6,44,34,100,0,44
"3181",843.5,128.9,0,0,1,1,31,4,1,78,14,100,0,81
"3182",768,112.1,0,0,1,1,35,0,0,100,0,100,0,87
"3183",734,115.2,0,0,1,1,36,0,0,100,0,100,0,87
"3184",822.5,144,0,0,1,1,21,4,3,75,17,100,0,76
"3185",798,104.5,0,0,1,1,34,5,0,93,2,100,0,100
"3186",799.5,116.1,0,0,1,1,24,1,2,84,8,100,0,99
"3187",851.5,146,0,0,1,1,12,3,7,42,41,100,0,62
"3188",818,108.2,0,0,1,1,38,3,5,89,2,100,0,100
"3189",919.5,160.7,0,1,1,1,10,4,16,40,31,100,0,43
"3190",788,106.8,0,0,1,1,27,0,1,98,1,100,0,92
"3191",720.5,108.7,0,0,1,1,47,2,1,94,2,100,0,100
"3192",917.5,160,0,0,1,1,3,8,7,50,30,100,0,39
"3193",793,136.6,0,0,1,1,32,17,4,47,26,100,0,68
"3194",727,109.8,0,0,1,1,41,2,0,98,0,100,0,85
"3195",776.5,98.7,0,0,1,1,55,2,0,98,0,100,0,88
"3196",946.5,186.8,0,0,1,1,19,6,57,8,26,100,0,16
"3197",810,127.2,0,0,1,1,9,17,5,71,5,35,26,85
"3198",746,115.2,0,0,1,1,24,28,1,70,0,100,0,78
"3199",793,113.3,0,0,1,1,27,21,0,79,0,100,0,100
"3200",796,132.3,0,0,1,1,13,2,5,76,3,81,0,99
"3201",839,138.5,0,0,1,1,15,8,2,74,14,100,0,88
"3202",945,183.6,0,1,1,1,2,1,5,7,84,100,0,6
"3203",907.5,178.5,0,1,1,1,7,8,18,36,29,100,0,35
"3204",821.5,123.6,0,0,1,1,14,16,4,71,4,100,0,77
"3205",752,106.4,0,0,1,1,45,3,0,97,0,100,0,100
"3206",852,151.2,0,0,1,1,15,5,6,66,14,100,0,72
"3207",802,122.4,0,0,1,1,26,1,0,98,1,100,0,100
"3208",762.5,110.4,0,0,1,1,34,5,0,95,0,100,0,100
"3209",723.5,98.5,0,0,1,1,49,1,0,98,0,100,0,100
"3210",663.5,110.7,0,0,1,1,37,16,1,82,1,100,0,100
"3211",875,146.3,0,0,1,1,10,7,1,54,1,100,0,63
"3212",762,99.5,0,0,1,1,42,2,1,95,0,100,0,100
"3213",749.5,113.4,0,0,1,1,31,1,3,94,0,50,0,99
"3214",764.5,114.7,0,0,1,1,31,5,3,87,2,100,0,84
"3215",828.5,169.6,0,0,1,1,4,4,1,39,52,89,0,37
"3216",792,132.1,0,0,1,1,17,7,4,73,6,89,0,71
"3217",933,185.2,0,0,1,1,2,5,9,37,43,100,0,24
"3218",849.5,133.6,0,0,1,1,24,4,7,73,4,100,0,99
"3219",739,109.7,0,0,1,1,50,2,1,93,3,100,0,100
"3220",844,142.8,0,0,1,1,29,5,9,67,16,100,0,82
"3221",806,104.6,0,1,1,1,18,2,0,98,0,48,24,97
"3222",884.5,128.7,0,0,1,1,17,1,7,82,6,100,0,99
"3223",799,121.1,0,0,1,1,34,9,0,89,2,100,0,100
"3224",814.5,103.6,0,0,1,1,30,1,0,98,1,84,0,100
"3225",796,110.2,0,0,1,1,32,1,0,98,0,100,0,78
"3226",780,108.9,0,0,1,1,31,3,2,91,4,100,0,88
"3227",748,104.5,0,0,1,1,38,1,1,95,1,79,0,100
"3228",761.5,112.6,0,0,1,1,31,1,1,90,6,100,0,100
"3229",922.5,159.7,0,0,1,1,4,2,7,56,26,100,0,62
"3230",738,119.2,0,0,1,1,25,38,1,61,0,100,0,63
"3231",719.5,99.9,0,0,1,1,56,3,0,97,0,100,0,100
"3232",810,158.5,0,0,1,1,10,14,7,37,42,100,0,49
"3233",959.5,209.6,0,0,1,1,2,2,13,4,80,100,0,5
"3234",675.5,104.7,0,0,1,1,47,12,0,88,0,100,0,100
"3235",962.5,190.6,0,1,1,1,2,5,35,13,43,100,0,15
"3236",718.5,109.3,0,0,1,1,35,27,0,71,0,100,0,83
"3237",929,180,0,0,1,1,10,11,11,20,54,91,0,21
"3238",739.5,102.3,0,0,1,1,40,8,0,91,0,100,0,87
"3239",761.5,112.3,0,0,1,1,32,26,0,74,0,100,0,89
"3240",841,121.9,0,0,1,1,28,18,0,74,8,100,0,100
"3241",832.5,152.7,0,0,1,1,6,45,6,34,12,100,0,62
"3242",943,209.5,0,1,1,1,6,4,16,10,68,100,0,6
"3243",884,168.4,0,0,1,1,2,8,4,31,53,91,0,17
"3244",921.5,193.7,0,1,1,1,7,5,5,9,80,100,0,13
"3245",816,115.2,0,0,1,1,30,1,1,97,1,100,0,85
"3246",794,127,0,0,1,1,25,34,3,56,1,100,0,86
"3247",820,143.6,0,0,1,1,42,5,42,51,1,100,0,74
"3248",788.5,132.9,0,0,1,1,2,89,1,9,0,100,0,76
"3249",812,121.8,0,0,1,1,38,2,11,79,5,100,0,100
"3250",976,199.5,0,0,1,1,5,2,30,3,63,100,0,10
"3251",636,114.3,0,0,1,1,35,39,0,60,1,100,0,100
"3252",879.5,170.7,0,1,1,1,7,6,12,19,59,100,0,21
"3253",964,183.1,0,1,1,1,2,6,9,12,70,100,0,9
"3254",772,120.7,0,0,1,1,41,0,1,98,1,100,0,76
"3255",805.5,120.1,0,0,1,1,20,1,1,90,2,86,0,85
"3256",733.5,99.8,0,0,1,1,23,2,0,98,0,0,0,100
"3257",764,116.8,0,0,1,1,14,6,3,82,7,0,0,100
"3258",725,101.8,0,0,1,1,20,1,0,99,0,0,0,100
"3259",789,114.9,0,0,1,1,12,2,2,91,1,0,0,100
"3260",746,113.2,0,0,1,1,18,1,2,92,2,0,0,100
"3261",733,132.7,0,0,1,1,7,22,2,50,2,0,0,76
"3262",630.5,97.9,0,0,1,1,31,7,0,93,0,0,0,100
"3263",734.5,107.4,0,0,1,1,17,1,0,99,0,0,0,100
"3264",719.5,115.6,0,0,1,1,23,4,5,80,8,0,0,100
"3265",743,122.8,0,0,1,1,8,10,1,73,13,0,0,71
"3266",614,99,0,0,1,1,24,18,0,82,0,0,0,100
"3267",746.5,142.7,0,0,1,1,12,17,5,55,20,0,0,56
"3268",767,121.3,0,0,1,1,9,15,2,70,6,0,0,71
"3269",652.5,109.2,0,0,1,1,26,3,2,90,2,0,38,73
"3270",588.5,103.2,0,0,1,1,22,36,0,64,0,0,0,86
"3271",729.5,110.6,0,0,1,1,15,1,0,98,1,0,0,85
"3272",645,105,0,0,1,1,20,28,0,72,0,0,0,78
"3273",679,104.2,0,0,1,1,18,1,0,98,1,0,0,80
"3274",857,136.7,0,0,1,1,7,5,6,66,17,0,0,65
"3275",713,114.6,0,0,1,1,15,3,5,83,1,0,0,100
"3276",824,135.2,0,0,1,1,9,2,14,59,18,0,0,100
"3277",815,143.5,0,0,1,1,10,8,17,52,17,0,0,60
"3278",706.5,99,0,0,1,1,25,5,0,95,0,0,0,100
"3279",585.5,114.4,0,0,1,1,16,56,0,44,0,0,0,100
"3280",736.5,126.7,0,0,1,1,11,34,1,57,6,0,0,100
"3281",716.5,115.9,0,0,1,1,14,17,1,73,7,0,0,73
"3282",685,97.9,0,0,1,1,23,14,0,86,0,0,0,100
"3283",883.5,162.5,0,1,1,1,4,10,5,34,48,0,0,41
"3284",793.5,134.5,0,0,1,1,10,3,3,55,33,0,0,67
"3285",665.5,104.5,0,0,1,1,25,18,0,81,1,0,0,70
"3286",714.5,115.5,0,0,1,1,19,5,2,87,5,0,0,80
"3287",753.5,109.2,0,0,1,1,26,2,27,70,0,0,0,100
"3288",756.5,112,0,0,1,1,20,5,5,83,5,0,0,100
"3289",730,106.7,0,0,1,1,19,1,1,94,2,0,0,100
"3290",880,158.2,0,0,1,1,5,27,11,41,18,0,0,55
"3291",821.5,139,0,0,1,1,7,3,9,75,8,0,0,66
"3292",903.5,176.7,0,1,1,1,3,14,10,24,50,0,0,27
"3293",870.5,147.5,0,0,1,1,3,6,6,58,25,0,0,55
"3294",703.5,104,0,0,1,1,25,2,0,96,2,0,0,100
"3295",741,113.5,0,0,1,1,25,3,3,85,3,0,0,100
"3296",723,114.5,0,0,1,1,16,0,0,99,1,0,0,85
"3297",687.5,103.6,0,0,1,1,22,0,0,100,0,0,0,100
"3298",749.5,115.8,0,0,1,1,18,5,6,83,4,0,0,100
"3299",746.5,120.6,0,0,1,1,20,5,3,80,9,0,0,64
"3300",739.5,111.7,0,0,1,1,26,1,4,85,1,0,0,82
"3301",718.5,124,0,0,1,1,15,24,1,63,9,0,0,81
"3302",757.5,131.5,0,0,1,1,9,10,2,64,3,0,0,65
"3303",768.5,110.1,0,0,1,1,15,1,0,95,2,0,0,76
"3304",756,154.8,0,0,1,1,3,63,3,23,9,0,0,59
"3305",709.5,111.6,1,0,1,1,71,3,0,80,11,35,32,74
"3306",839.5,131.6,1,0,1,1,57,8,9,74,7,63,0,100
"3307",833.5,114.9,1,0,1,1,63,24,1,73,2,32,39,94
"3308",774.5,134.4,1,0,1,1,33,16,5,52,16,30,30,67
"3309",760.5,143.6,1,0,1,1,37,29,7,48,16,36,28,49
"3310",536.5,111.6,1,0,1,1,45,27,1,69,2,55,27,79
"3311",836.5,113.2,1,0,1,1,66,2,4,88,2,32,37,95
"3312",766.5,126.7,1,0,1,1,65,5,8,71,11,100,0,68
"3313",798,117,1,0,1,1,69,16,3,76,2,71,1,54
"3314",712.5,121.6,0,0,1,1,12,63,1,36,0,0,0,100
"3315",744,101.2,0,0,1,1,29,2,5,92,0,0,0,100
"3316",874,146.7,0,0,1,1,10,12,29,48,6,0,0,67
"3317",854,140.6,0,0,1,1,4,11,4,63,15,0,0,58
"3318",709.5,100.8,0,0,1,1,24,3,0,97,0,0,0,100
"3319",714.5,108.1,0,0,1,1,16,18,0,82,0,5,31,100
"3320",692,105.4,0,0,1,1,19,1,0,99,0,0,0,90
"3321",858.5,164.9,0,1,1,1,3,9,9,26,53,0,0,24
"3322",812.5,141.1,0,0,1,1,8,8,7,62,16,0,0,69
"3323",750,115.5,0,0,1,1,22,3,2,81,10,0,0,100
"3324",740.5,120.8,0,0,1,1,19,4,3,70,20,0,0,100
"3325",630,103,0,0,1,1,25,26,0,74,0,0,0,100
"3326",664,107,0,0,1,1,26,22,0,78,0,0,0,80
"3327",905.5,165.3,0,1,1,1,2,6,16,38,32,0,0,39
"3328",736,110.1,0,0,1,1,18,2,1,95,2,0,0,90
"3329",793.5,139.7,0,0,1,1,11,13,5,52,25,0,0,59
"3330",722,120.1,0,0,1,1,13,26,4,65,1,0,0,73
"3331",865,161,0,0,1,1,7,7,10,35,45,0,0,53
"3332",670,108.9,0,0,1,1,27,1,1,95,2,0,0,83
"3333",847.5,153.5,0,0,1,1,8,10,11,47,30,0,0,53
"3334",708.5,97.7,0,0,1,1,38,18,0,82,0,80,0,76
"3335",772,113.6,0,0,1,1,27,20,0,77,2,100,0,100
"3336",705.5,131.4,0,0,1,1,5,56,1,42,1,0,0,75
"3337",729,118.5,0,0,1,1,14,0,5,92,1,0,0,100
"3338",576,136.5,1,0,1,1,19,13,5,51,28,29,35,51
"3339",945.5,191.2,0,1,1,1,4,6,29,15,44,100,0,11
"3340",730,117.3,0,0,1,1,35,0,0,99,0,81,0,100
"3341",802.5,117,0,0,1,1,38,0,0,100,0,100,0,88
"3342",962,195.1,0,1,1,1,2,19,30,12,37,100,0,27
"3343",915,198.8,0,1,1,1,3,27,20,14,37,100,0,16
"3344",982.5,196.8,0,0,1,1,0,3,35,20,36,100,0,22
"3345",710.5,107,0,0,1,1,39,1,0,99,0,84,0,100
"3346",749.5,99,0,0,1,1,22,7,1,92,0,0,0,100
"3347",757.5,113.1,0,0,1,1,30,0,0,100,0,86,0,85
"3348",754.5,110.6,0,0,1,1,26,1,0,97,2,87,0,100
"3349",771.5,120.9,0,0,1,1,27,1,0,99,0,100,0,79
"3350",749.5,106.6,0,0,1,1,42,1,2,97,0,100,0,100
"3351",813,115.4,0,0,1,1,23,1,0,97,2,88,0,100
"3352",731.5,110.3,0,0,1,1,40,4,0,94,1,100,0,100
"3353",687,106.7,0,0,1,1,69,4,0,96,0,100,0,83
"3354",790,120,0,0,1,1,26,1,0,99,0,100,0,88
"3355",792.5,110.9,0,0,1,1,47,3,2,95,0,100,0,98
"3356",785.5,122.7,0,0,1,1,29,1,0,98,0,100,0,84
"3357",770.5,119.4,0,0,1,1,31,9,0,86,1,48,0,92
"3358",748.5,94.7,0,0,1,1,50,4,0,95,1,82,0,100
"3359",782.5,120.2,0,0,1,1,28,1,0,99,0,100,0,91
"3360",855,140,0,0,1,1,7,85,0,15,0,100,0,94
"3361",701.5,104,0,0,1,1,23,9,0,91,0,0,0,100
"3362",867.5,123.3,0,1,1,1,5,5,0,91,2,0,0,82
"3363",802.5,105.6,0,0,1,1,53,2,0,96,1,100,0,100
"3364",825,154,0,1,1,1,0,98,0,2,0,100,0,75
"3365",822.5,97.3,0,1,1,1,58,2,0,98,0,60,0,98
"3366",717,118.3,0,0,1,1,33,1,0,98,1,47,0,100
"3367",854.5,124,0,1,1,1,6,1,1,90,3,0,0,77
"3368",786,127.2,0,1,1,1,26,5,1,77,13,72,0,58
"3369",NA,NA,0,0,1,1,NA,100,NA,NA,NA,0,0,NA
"3370",842.5,187.9,0,1,1,1,7,6,9,19,61,72,0,18
"3371",826,105.5,0,1,1,1,21,0,0,100,0,51,0,94
"3372",642.5,128.3,0,1,1,1,17,2,0,97,0,47,0,88
"3373",801,126,0,1,1,1,10,3,5,76,10,0,43,88
"3374",NA,NA,0,0,1,1,NA,100,NA,NA,NA,0,0,NA
"3375",784,105.2,0,1,1,1,64,0,0,99,1,100,0,96
"3376",771.5,113.6,0,0,1,1,43,1,2,90,4,100,0,100
"3377",NA,118.1,1,0,1,1,38,24,0,38,38,47,0,76
"3378",725,102.6,0,0,1,1,53,3,1,96,0,100,0,87
"3379",780,149,0,1,1,1,0,96,0,3,0,0,0,71
